Заявка;Тип заявки BK;Тип заявки HD;Начало;Окончание;Срок SLA;Район;Адрес;Клиент;Контактное лицо;Описание
MSK-20260917-00345;Подключение;Подключение квартиры FTTB;17.09.2026 14:15;17.09.2026 16:20;17.09.2026 15:15;Марьина Роща;Москва, Октябрьская ул., д. 42;Лазарева Майя Альбертовна;Лазарева Майя Альбертовна;"Новый абонент; выполнить подключение, настроить оборудование и оформить акт. Ключ от технического помещения у администратора."
MSK-20260917-00126;Локальная заявка;Замена абонентского роутера;17.09.2026 15:00;17.09.2026 17:45;17.09.2026 16:00;Тверской;Москва, Новослободская ул., д. 49;Федор Бориславович Авдеев;Федор Бориславович Авдеев;"Роутер перезагружается под нагрузкой; доставить замену и перенести настройки. Ключ от технического помещения у администратора."
MSK-20260917-00005;Локальная заявка;Настройка Wi-Fi;17.09.2026 10:00;17.09.2026 12:00;17.09.2026 11:00;Пресненский;Москва, Шмитовский проезд, д. 3;Федотов Радислав Ярославович;Федотов Радислав Ярославович;"Слабый сигнал в дальней комнате; подобрать канал и проверить покрытие. Доступ согласован с клиентом."
MSK-20260917-00065;Подключение;Подключение квартиры FTTB;17.09.2026 09:30;17.09.2026 12:30;17.09.2026 10:30;Басманный;Москва, Спартаковская ул., д. 19;Тихонова Милица Богдановна;Тихонова Милица Богдановна;"Новый абонент; выполнить подключение, настроить оборудование и оформить акт. Ключ от технического помещения у администратора."
MSK-20260917-00191;Локальная заявка;Диагностика интернет-соединения;17.09.2026 15:00;17.09.2026 16:00;17.09.2026 16:00;Хамовники;Москва, Плющиха, д. 34;Мясников Рубен Егорович;Мясников Рубен Егорович;"Периодически пропадает соединение; проверить линию и уровень сигнала. Доступ согласован с клиентом."
MSK-20260917-00119;Локальная заявка;Замена абонентского роутера;17.09.2026 08:45;17.09.2026 11:45;17.09.2026 09:45;Пресненский;Москва, Звенигородская ул., д. 117;ГК Мега-Авто;Марфа Робертовна Кудряшова;"Роутер перезагружается под нагрузкой; доставить замену и перенести настройки. Ключ от технического помещения у администратора."
MSK-20260917-00085;Глобальная проблема;Замена коммутатора доступа;17.09.2026 12:00;17.09.2026 13:30;17.09.2026 12:30;Сокольники;Москва, Русаковская ул., д. 44;Потапова Агата Ниловна;Потапова Агата Ниловна;"Нет связи у группы абонентов; проверить питание и заменить коммутатор. Ключ от технического помещения у администратора."
MSK-20260917-00268;Подключение;Прокладка кабеля и подключение;17.09.2026 13:30;17.09.2026 14:40;17.09.2026 14:30;Даниловский;Москва, Люсиновская ул., д. 83;Модест Ефремович Абрамов;Модест Ефремович Абрамов;"Нужна прокладка кабеля до помещения; взять бухту кабеля и монтажный комплект. Доступ согласован с клиентом."
MSK-20260917-00064;Глобальная проблема;Замена коммутатора доступа;17.09.2026 08:30;17.09.2026 10:30;17.09.2026 09:00;Сокольники;Москва, Стромынка, д. 29;ОАО «Ковалева»;Веселова Наина Никифоровна;"Нет связи у группы абонентов; проверить питание и заменить коммутатор. Доступ согласован с клиентом."
MSK-20260917-00265;Локальная заявка;Диагностика интернет-соединения;17.09.2026 11:15;17.09.2026 13:15;17.09.2026 12:15;Хамовники;Москва, Плющиха, д. 66;Матвеев Евлампий Бориславович;Матвеев Евлампий Бориславович;"Периодически пропадает соединение; проверить линию и уровень сигнала. Ключ от технического помещения у администратора."
MSK-20260917-00419;Подключение;Подключение квартиры FTTB;17.09.2026 11:15;17.09.2026 15:15;17.09.2026 12:15;Тверской;Москва, Лесная ул., д. 21;Галактион Андреевич Ефимов;Галактион Андреевич Ефимов;"Новый абонент; выполнить подключение, настроить оборудование и оформить акт. Доступ согласован с клиентом."
MSK-20260917-00438;Локальная заявка;Замена абонентского роутера;17.09.2026 14:15;17.09.2026 17:15;17.09.2026 15:15;Сокольники;Москва, Русаковская ул., д. 95;София Натановна Михайлова;София Натановна Михайлова;"Роутер перезагружается под нагрузкой; доставить замену и перенести настройки. Доступ согласован с клиентом."
MSK-20260917-00103;Локальная заявка;Диагностика интернет-соединения;17.09.2026 09:30;17.09.2026 11:30;17.09.2026 10:30;Сокольники;Москва, Сокольнический Вал, д. 15;Спиридон Эдгардович Борисов;Спиридон Эдгардович Борисов;"Периодически пропадает соединение; проверить линию и уровень сигнала. Позвонить за 30 минут до приезда."
MSK-20260917-00077;Дозаказ;Доставка и установка приставки;17.09.2026 13:45;17.09.2026 16:40;17.09.2026 14:45;Басманный;Москва, Бауманская ул., д. 60;Савина Александра Вениаминовна;Савина Александра Вениаминовна;Установить дополнительную ТВ-приставку и показать клиенту основные функции. Позвонить за 30 минут до приезда.
MSK-20260917-00443;Локальная заявка;Замена абонентского роутера;17.09.2026 11:00;17.09.2026 13:00;17.09.2026 12:00;Басманный;Москва, Бауманская ул., д. 62;Жуков Ярополк Всеволодович;Жуков Ярополк Всеволодович;"Роутер перезагружается под нагрузкой; доставить замену и перенести настройки. Доступ согласован с клиентом."
MSK-20260917-00312;Локальная заявка;Настройка Wi-Fi;17.09.2026 09:15;17.09.2026 13:15;17.09.2026 10:15;Марьина Роща;Москва, Сущёвский Вал, д. 93;Борислав Игнатьевич Белоусов;Борислав Игнатьевич Белоусов;"Слабый сигнал в дальней комнате; подобрать канал и проверить покрытие. Ключ от технического помещения у администратора."
MSK-20260917-00033;Дозаказ;Доставка и установка приставки;17.09.2026 13:30;17.09.2026 17:10;17.09.2026 14:30;Даниловский;Москва, Люсиновская ул., д. 53;Анна Ниловна Уварова;Анна Ниловна Уварова;Установить дополнительную ТВ-приставку и показать клиенту основные функции. Ключ от технического помещения у администратора.
MSK-20260917-00082;Локальная заявка;Восстановление IPTV;17.09.2026 15:15;17.09.2026 17:15;17.09.2026 16:15;Тверской;Москва, Лесная ул., д. 76;Ольга Рудольфовна Кириллова;Ольга Рудольфовна Кириллова;"Изображение зависает; проверить приставку и параметры подключения. Доступ согласован с клиентом."
MSK-20260917-00202;Локальная заявка;Замена абонентского роутера;17.09.2026 10:00;17.09.2026 13:00;17.09.2026 11:00;Тверской;Москва, Новослободская ул., д. 56;ИП «Денисова Миронова»;Зайцева Маргарита Архиповна;"Роутер перезагружается под нагрузкой; доставить замену и перенести настройки. Позвонить за 30 минут до приезда."
MSK-20260917-00048;Подключение;Подключение квартиры FTTB;17.09.2026 10:00;17.09.2026 14:00;17.09.2026 11:00;Пресненский;Москва, Шмитовский проезд, д. 49;Петухов Аникей Филимонович;Петухов Аникей Филимонович;"Новый абонент; выполнить подключение, настроить оборудование и оформить акт. Доступ согласован с клиентом."
MSK-20260917-00134;Подключение;Подключение квартиры FTTB;17.09.2026 12:15;17.09.2026 14:15;17.09.2026 13:15;Тверской;Москва, Новослободская ул., д. 10;Маргарита Антоновна Кудряшова;Маргарита Антоновна Кудряшова;"Новый абонент; выполнить подключение, настроить оборудование и оформить акт. Позвонить за 30 минут до приезда."
MSK-20260917-00272;Локальная заявка;Восстановление IPTV;17.09.2026 11:45;17.09.2026 13:45;17.09.2026 12:45;Тверской;Москва, Тверская ул., д. 32;Мишина Кира Алексеевна;Мишина Кира Алексеевна;"Изображение зависает; проверить приставку и параметры подключения. Позвонить за 30 минут до приезда."
MSK-20260917-00336;Локальная заявка;Настройка Wi-Fi;17.09.2026 14:15;17.09.2026 16:20;17.09.2026 15:15;Тверской;Москва, Новослободская ул., д. 46;Порфирий Владиленович Хохлов;Порфирий Владиленович Хохлов;"Слабый сигнал в дальней комнате; подобрать канал и проверить покрытие. Ключ от технического помещения у администратора."
MSK-20260917-00122;Дозаказ;Доставка и установка приставки;17.09.2026 10:45;17.09.2026 12:45;17.09.2026 11:45;Басманный;Москва, Спартаковская ул., д. 119;НПО «Ефремова-Фролов»;Красильникова Акулина Георгиевна;Установить дополнительную ТВ-приставку и показать клиенту основные функции. Ключ от технического помещения у администратора.
MSK-20260917-00475;Локальная заявка;Замена абонентского роутера;17.09.2026 13:00;17.09.2026 15:00;17.09.2026 14:00;Сокольники;Москва, Стромынка, д. 97;НПО «Зуев»;Маслова Агата Станиславовна;"Роутер перезагружается под нагрузкой; доставить замену и перенести настройки. Позвонить за 30 минут до приезда."
MSK-20260917-00019;Подключение;Подключение квартиры FTTB;17.09.2026 12:30;17.09.2026 14:30;17.09.2026 13:30;Пресненский;Москва, Звенигородская ул., д. 14;Мефодий Виленович Мельников;Мефодий Виленович Мельников;"Новый абонент; выполнить подключение, настроить оборудование и оформить акт. Доступ согласован с клиентом."
MSK-20260917-00271;Локальная заявка;Диагностика интернет-соединения;17.09.2026 11:15;17.09.2026 13:15;17.09.2026 12:15;Пресненский;Москва, Шмитовский проезд, д. 120;ЗАО «Зуев, Громов и Суханова»;Самойлова Наталья Даниловна;"Периодически пропадает соединение; проверить линию и уровень сигнала. Ключ от технического помещения у администратора."
MSK-20260917-00116;Локальная заявка;Замена абонентского роутера;17.09.2026 13:15;17.09.2026 15:15;17.09.2026 14:15;Басманный;Москва, Бауманская ул., д. 79;Якушева и партнеры;Ершова Полина Ниловна;"Роутер перезагружается под нагрузкой; доставить замену и перенести настройки. Позвонить за 30 минут до приезда."
MSK-20260917-00396;Локальная заявка;Замена абонентского роутера;17.09.2026 08:45;17.09.2026 11:45;17.09.2026 09:45;Марьина Роща;Москва, Шереметьевская ул., д. 6;Жанна Аскольдовна Наумова;Жанна Аскольдовна Наумова;"Роутер перезагружается под нагрузкой; доставить замену и перенести настройки. Позвонить за 30 минут до приезда."
MSK-20260917-00252;Подключение;Подключение квартиры FTTB;17.09.2026 11:15;17.09.2026 15:15;17.09.2026 12:15;Тверской;Москва, Новослободская ул., д. 5;Зыков Лимитед;Одинцов Адам Ермилович;"Новый абонент; выполнить подключение, настроить оборудование и оформить акт. Позвонить за 30 минут до приезда."
MSK-20260917-00246;Подключение;Подключение квартиры FTTB;17.09.2026 10:15;17.09.2026 12:15;17.09.2026 11:15;Басманный;Москва, Бауманская ул., д. 53;Ираклий Августович Некрасов;Ираклий Августович Некрасов;"Новый абонент; выполнить подключение, настроить оборудование и оформить акт. Позвонить за 30 минут до приезда."
MSK-20260917-00277;Локальная заявка;Диагностика интернет-соединения;17.09.2026 14:30;17.09.2026 16:30;17.09.2026 15:30;Хамовники;Москва, Плющиха, д. 22;Юнилевер Русь (Unilever);Акулина Дмитриевна Дорофеева;"Периодически пропадает соединение; проверить линию и уровень сигнала. Позвонить за 30 минут до приезда."
MSK-20260917-00097;Локальная заявка;Диагностика интернет-соединения;17.09.2026 10:45;17.09.2026 12:45;17.09.2026 11:45;Басманный;Москва, Бакунинская ул., д. 21;Анна Евгеньевна Кудрявцева;Анна Евгеньевна Кудрявцева;"Периодически пропадает соединение; проверить линию и уровень сигнала. Ключ от технического помещения у администратора."
MSK-20260917-00207;Глобальная проблема;Восстановление оптической линии;17.09.2026 14:00;17.09.2026 15:50;17.09.2026 14:30;Басманный;Москва, Бауманская ул., д. 97;Савелий Чеславович Рябов;Савелий Чеславович Рябов;"Потеря сигнала на оптическом участке; локализовать повреждение и восстановить линию. Позвонить за 30 минут до приезда."
MSK-20260917-00274;Локальная заявка;Восстановление IPTV;17.09.2026 11:30;17.09.2026 15:30;17.09.2026 12:30;Хамовники;Москва, Комсомольский проспект, д. 97;Александрова Галина Константиновна;Александрова Галина Константиновна;"Изображение зависает; проверить приставку и параметры подключения. Доступ согласован с клиентом."
MSK-20260917-00322;Локальная заявка;Диагностика интернет-соединения;17.09.2026 16:00;17.09.2026 17:00;17.09.2026 17:00;Пресненский;Москва, Шмитовский проезд, д. 20;Нонна Филипповна Соловьева;Нонна Филипповна Соловьева;"Периодически пропадает соединение; проверить линию и уровень сигнала. Позвонить за 30 минут до приезда."
MSK-20260917-00205;Локальная заявка;Диагностика интернет-соединения;17.09.2026 11:15;17.09.2026 14:15;17.09.2026 12:15;Лефортово;Москва, Солдатская ул., д. 32;Вера Руслановна Киселева;Вера Руслановна Киселева;"Периодически пропадает соединение; проверить линию и уровень сигнала. Доступ согласован с клиентом."
MSK-20260917-00267;Подключение;Подключение офиса;17.09.2026 12:15;17.09.2026 15:15;17.09.2026 13:15;Пресненский;Москва, Красная Пресня, д. 115;Герасим Алексеевич Дьячков;Герасим Алексеевич Дьячков;Подключить офисный канал и проверить доступность сервисов заказчика. Доступ согласован с клиентом.
MSK-20260917-00055;Локальная заявка;Настройка Wi-Fi;17.09.2026 10:00;17.09.2026 14:00;17.09.2026 11:00;Тверской;Москва, Тверская ул., д. 116;Кузбасская топливная компания;Горбунова Юлия Леонидовна;"Слабый сигнал в дальней комнате; подобрать канал и проверить покрытие. Позвонить за 30 минут до приезда."
MSK-20260917-00075;Локальная заявка;Диагностика интернет-соединения;17.09.2026 10:00;17.09.2026 13:00;17.09.2026 11:00;Тверской;Москва, Лесная ул., д. 52;Федосеев Эраст Алексеевич;Федосеев Эраст Алексеевич;"Периодически пропадает соединение; проверить линию и уровень сигнала. Ключ от технического помещения у администратора."
MSK-20260917-00044;Подключение;Подключение квартиры FTTB;17.09.2026 10:00;17.09.2026 14:00;17.09.2026 11:00;Даниловский;Москва, Дубининская ул., д. 46;Потап Терентьевич Никонов;Потап Терентьевич Никонов;"Новый абонент; выполнить подключение, настроить оборудование и оформить акт. Позвонить за 30 минут до приезда."
MSK-20260917-00407;Глобальная проблема;Восстановление оптической линии;17.09.2026 12:00;17.09.2026 14:00;17.09.2026 12:30;Марьина Роща;Москва, Шереметьевская ул., д. 117;Ларионова и партнеры;Анжелика Ефимовна Мишина;"Потеря сигнала на оптическом участке; локализовать повреждение и восстановить линию. Позвонить за 30 минут до приезда."
MSK-20260917-00238;Локальная заявка;Диагностика интернет-соединения;17.09.2026 14:15;17.09.2026 16:15;17.09.2026 15:15;Даниловский;Москва, Даниловский Вал, д. 18;Ирина Станиславовна Копылова;Ирина Станиславовна Копылова;"Периодически пропадает соединение; проверить линию и уровень сигнала. Позвонить за 30 минут до приезда."
MSK-20260917-00372;Локальная заявка;Диагностика интернет-соединения;17.09.2026 09:30;17.09.2026 13:30;17.09.2026 10:30;Даниловский;Москва, Дубининская ул., д. 9;Аверкий Устинович Фадеев;Аверкий Устинович Фадеев;"Периодически пропадает соединение; проверить линию и уровень сигнала. Ключ от технического помещения у администратора."
MSK-20260917-00291;Локальная заявка;Диагностика интернет-соединения;17.09.2026 13:30;17.09.2026 15:30;17.09.2026 14:30;Хамовники;Москва, Плющиха, д. 81;Гурий Адрианович Артемьев;Гурий Адрианович Артемьев;"Периодически пропадает соединение; проверить линию и уровень сигнала. Позвонить за 30 минут до приезда."
MSK-20260917-00114;Локальная заявка;Замена абонентского роутера;17.09.2026 13:00;17.09.2026 15:00;17.09.2026 14:00;Хамовники;Москва, Усачёва ул., д. 49;Эмилия Семеновна Фокина;Эмилия Семеновна Фокина;"Роутер перезагружается под нагрузкой; доставить замену и перенести настройки. Позвонить за 30 минут до приезда."
MSK-20260917-00361;Подключение;Подключение квартиры FTTB;17.09.2026 14:15;17.09.2026 16:20;17.09.2026 15:15;Пресненский;Москва, Красная Пресня, д. 38;ИП «Казаков Зайцев»;Евдокимов Захар Артёмович;"Новый абонент; выполнить подключение, настроить оборудование и оформить акт. Позвонить за 30 минут до приезда."
MSK-20260917-00198;Подключение;Подключение офиса;17.09.2026 09:30;17.09.2026 12:30;17.09.2026 10:30;Даниловский;Москва, Дубининская ул., д. 1;Харлампий Игнатьевич Сергеев;Харлампий Игнатьевич Сергеев;Подключить офисный канал и проверить доступность сервисов заказчика. Позвонить за 30 минут до приезда.
MSK-20260917-00004;Локальная заявка;Диагностика интернет-соединения;17.09.2026 13:45;17.09.2026 15:45;17.09.2026 14:45;Сокольники;Москва, Стромынка, д. 72;Кузьмин Борис Аверьянович;Кузьмин Борис Аверьянович;"Периодически пропадает соединение; проверить линию и уровень сигнала. Доступ согласован с клиентом."
MSK-20260917-00385;Локальная заявка;Диагностика интернет-соединения;17.09.2026 11:15;17.09.2026 13:15;17.09.2026 12:15;Даниловский;Москва, Дубининская ул., д. 4;Ефремов Лтд;Любомир Игоревич Третьяков;"Периодически пропадает соединение; проверить линию и уровень сигнала. Ключ от технического помещения у администратора."
MSK-20260917-00039;Локальная заявка;Замена абонентского роутера;17.09.2026 10:15;17.09.2026 13:15;17.09.2026 11:15;Пресненский;Москва, Шмитовский проезд, д. 77;Шарова Клавдия Васильевна;Шарова Клавдия Васильевна;"Роутер перезагружается под нагрузкой; доставить замену и перенести настройки. Позвонить за 30 минут до приезда."
MSK-20260917-00230;Локальная заявка;Диагностика интернет-соединения;17.09.2026 15:30;17.09.2026 16:30;17.09.2026 16:30;Басманный;Москва, Бакунинская ул., д. 102;Валерия Робертовна Котова;Валерия Робертовна Котова;"Периодически пропадает соединение; проверить линию и уровень сигнала. Ключ от технического помещения у администратора."
MSK-20260917-00309;Подключение;Подключение офиса;17.09.2026 09:00;17.09.2026 12:00;17.09.2026 10:00;Даниловский;Москва, Люсиновская ул., д. 114;НПО «Афанасьева, Тихонова и Осипов»;Голубева Фаина Аскольдовна;Подключить офисный канал и проверить доступность сервисов заказчика. Доступ согласован с клиентом.
MSK-20260917-00490;Локальная заявка;Настройка Wi-Fi;17.09.2026 11:00;17.09.2026 13:00;17.09.2026 12:00;Сокольники;Москва, Сокольнический Вал, д. 36;Милица Егоровна Мишина;Милица Егоровна Мишина;"Слабый сигнал в дальней комнате; подобрать канал и проверить покрытие. Позвонить за 30 минут до приезда."
MSK-20260917-00375;Локальная заявка;Замена абонентского роутера;17.09.2026 12:30;17.09.2026 15:30;17.09.2026 13:30;Басманный;Москва, Бауманская ул., д. 13;Васильев Марк Фомич;Васильев Марк Фомич;"Роутер перезагружается под нагрузкой; доставить замену и перенести настройки. Ключ от технического помещения у администратора."
MSK-20260917-00422;Локальная заявка;Настройка Wi-Fi;17.09.2026 12:00;17.09.2026 15:00;17.09.2026 13:00;Тверской;Москва, Новослободская ул., д. 28;Группа Черкизово;Марков Герасим Григорьевич;"Слабый сигнал в дальней комнате; подобрать канал и проверить покрытие. Позвонить за 30 минут до приезда."
MSK-20260917-00353;Дозаказ;Доставка и установка приставки;17.09.2026 11:45;17.09.2026 14:45;17.09.2026 12:45;Даниловский;Москва, Даниловский Вал, д. 4;Рожкова Кира Ждановна;Рожкова Кира Ждановна;Установить дополнительную ТВ-приставку и показать клиенту основные функции. Ключ от технического помещения у администратора.
MSK-20260917-00349;Локальная заявка;Диагностика интернет-соединения;17.09.2026 10:30;17.09.2026 12:30;17.09.2026 11:30;Сокольники;Москва, Стромынка, д. 28;Котова Фёкла Юрьевна;Котова Фёкла Юрьевна;"Периодически пропадает соединение; проверить линию и уровень сигнала. Доступ согласован с клиентом."
MSK-20260917-00388;Локальная заявка;Диагностика интернет-соединения;17.09.2026 13:30;17.09.2026 17:00;17.09.2026 14:30;Хамовники;Москва, Усачёва ул., д. 119;Группа Полипластик;Фомин Милан Фокич;"Периодически пропадает соединение; проверить линию и уровень сигнала. Ключ от технического помещения у администратора."
MSK-20260917-00327;Подключение;Подключение квартиры FTTB;17.09.2026 15:00;17.09.2026 16:20;17.09.2026 16:00;Тверской;Москва, Лесная ул., д. 106;РАО «Сафонова-Горшкова»;Брагина Валерия Артемовна;"Новый абонент; выполнить подключение, настроить оборудование и оформить акт. Позвонить за 30 минут до приезда."
MSK-20260917-00442;Локальная заявка;Настройка Wi-Fi;17.09.2026 14:30;17.09.2026 16:50;17.09.2026 15:30;Лефортово;Москва, Красноказарменная ул., д. 100;Кириллов Фома Ярославович;Кириллов Фома Ярославович;"Слабый сигнал в дальней комнате; подобрать канал и проверить покрытие. Ключ от технического помещения у администратора."
MSK-20260917-00387;Локальная заявка;Диагностика интернет-соединения;17.09.2026 11:45;17.09.2026 15:00;17.09.2026 12:45;Марьина Роща;Москва, Сущёвский Вал, д. 90;Нестерова Инкорпорэйтед;Святослав Игнатович Фролов;"Периодически пропадает соединение; проверить линию и уровень сигнала. Позвонить за 30 минут до приезда."
MSK-20260917-00051;Локальная заявка;Восстановление IPTV;17.09.2026 08:45;17.09.2026 11:45;17.09.2026 09:45;Пресненский;Москва, Шмитовский проезд, д. 103;Евдоким Григорьевич Якушев;Евдоким Григорьевич Якушев;"Изображение зависает; проверить приставку и параметры подключения. Позвонить за 30 минут до приезда."
MSK-20260917-00406;Локальная заявка;Настройка Wi-Fi;17.09.2026 13:15;17.09.2026 16:50;17.09.2026 14:15;Басманный;Москва, Бакунинская ул., д. 56;Лукия Макаровна Новикова;Лукия Макаровна Новикова;"Слабый сигнал в дальней комнате; подобрать канал и проверить покрытие. Доступ согласован с клиентом."
MSK-20260917-00341;Подключение;Подключение офиса;17.09.2026 15:00;17.09.2026 16:30;17.09.2026 16:00;Тверской;Москва, Тверская ул., д. 58;АО «Ефимова»;Ситников Иннокентий Валерьянович;Подключить офисный канал и проверить доступность сервисов заказчика. Позвонить за 30 минут до приезда.
MSK-20260917-00281;Локальная заявка;Настройка Wi-Fi;17.09.2026 11:45;17.09.2026 15:45;17.09.2026 12:45;Пресненский;Москва, Красная Пресня, д. 26;Устинов Мокей Чеславович;Устинов Мокей Чеславович;"Слабый сигнал в дальней комнате; подобрать канал и проверить покрытие. Позвонить за 30 минут до приезда."
MSK-20260917-00463;Локальная заявка;Замена абонентского роутера;17.09.2026 13:45;17.09.2026 16:45;17.09.2026 14:45;Лефортово;Москва, Красноказарменная ул., д. 57;Морозова Инк;Екатерина Константиновна Тетерина;"Роутер перезагружается под нагрузкой; доставить замену и перенести настройки. Доступ согласован с клиентом."
MSK-20260917-00288;Локальная заявка;Замена абонентского роутера;17.09.2026 14:30;17.09.2026 16:30;17.09.2026 15:30;Тверской;Москва, Новослободская ул., д. 46;Порфирий Владиленович Хохлов;Порфирий Владиленович Хохлов;"Роутер перезагружается под нагрузкой; доставить замену и перенести настройки. Доступ согласован с клиентом."
MSK-20260917-00403;Подключение;Подключение квартиры FTTB;17.09.2026 10:15;17.09.2026 12:15;17.09.2026 11:15;Даниловский;Москва, Дубининская ул., д. 6;НПО «Гаврилов-Ильина»;Гостомысл Антонович Фролов;"Новый абонент; выполнить подключение, настроить оборудование и оформить акт. Ключ от технического помещения у администратора."
MSK-20260917-00308;Глобальная проблема;Замена коммутатора доступа;17.09.2026 12:45;17.09.2026 14:15;17.09.2026 13:15;Басманный;Москва, Бауманская ул., д. 28;Нина Феликсовна Григорьева;Нина Феликсовна Григорьева;"Нет связи у группы абонентов; проверить питание и заменить коммутатор. Позвонить за 30 минут до приезда."
MSK-20260917-00420;Подключение;Подключение офиса;17.09.2026 09:45;17.09.2026 11:45;17.09.2026 10:45;Тверской;Москва, Тверская ул., д. 32;Мишина Кира Алексеевна;Мишина Кира Алексеевна;Подключить офисный канал и проверить доступность сервисов заказчика. Ключ от технического помещения у администратора.
MSK-20260917-00262;Дозаказ;Доставка и установка приставки;17.09.2026 13:15;17.09.2026 15:15;17.09.2026 14:15;Сокольники;Москва, Русаковская ул., д. 7;Селиверстова Марина Федоровна;Селиверстова Марина Федоровна;Установить дополнительную ТВ-приставку и показать клиенту основные функции. Позвонить за 30 минут до приезда.
MSK-20260917-00108;Локальная заявка;Замена абонентского роутера;17.09.2026 10:45;17.09.2026 13:45;17.09.2026 11:45;Даниловский;Москва, Дубининская ул., д. 23;Митофан Эдгарович Григорьев;Митофан Эдгарович Григорьев;"Роутер перезагружается под нагрузкой; доставить замену и перенести настройки. Ключ от технического помещения у администратора."
MSK-20260917-00227;Подключение;Прокладка кабеля и подключение;17.09.2026 13:30;17.09.2026 14:40;17.09.2026 14:30;Сокольники;Москва, Стромынка, д. 88;Лаврентьева Ирина Феликсовна;Лаврентьева Ирина Феликсовна;"Нужна прокладка кабеля до помещения; взять бухту кабеля и монтажный комплект. Ключ от технического помещения у администратора."
MSK-20260917-00364;Локальная заявка;Диагностика интернет-соединения;17.09.2026 13:45;17.09.2026 16:30;17.09.2026 14:45;Басманный;Москва, Бауманская ул., д. 100;Мишина Лора Степановна;Мишина Лора Степановна;"Периодически пропадает соединение; проверить линию и уровень сигнала. Ключ от технического помещения у администратора."
MSK-20260917-00234;Локальная заявка;Восстановление IPTV;17.09.2026 15:00;17.09.2026 17:00;17.09.2026 16:00;Пресненский;Москва, Красная Пресня, д. 50;Алла Антоновна Панфилова;Алла Антоновна Панфилова;"Изображение зависает; проверить приставку и параметры подключения. Доступ согласован с клиентом."
MSK-20260917-00276;Подключение;Подключение квартиры FTTB;17.09.2026 08:30;17.09.2026 10:30;17.09.2026 09:30;Пресненский;Москва, Красная Пресня, д. 26;Устинов Мокей Чеславович;Устинов Мокей Чеславович;"Новый абонент; выполнить подключение, настроить оборудование и оформить акт. Доступ согласован с клиентом."
MSK-20260917-00175;Подключение;Подключение квартиры FTTB;17.09.2026 15:00;17.09.2026 16:20;17.09.2026 16:00;Тверской;Москва, Новослободская ул., д. 81;тов. Петухов Герман Еремеевич;тов. Петухов Герман Еремеевич;"Новый абонент; выполнить подключение, настроить оборудование и оформить акт. Доступ согласован с клиентом."
MSK-20260917-00236;Локальная заявка;Диагностика интернет-соединения;17.09.2026 14:45;17.09.2026 17:00;17.09.2026 15:45;Марьина Роща;Москва, Шереметьевская ул., д. 64;ОАО «Белозеров Белякова»;Молчанов Вацлав Филатович;"Периодически пропадает соединение; проверить линию и уровень сигнала. Позвонить за 30 минут до приезда."
MSK-20260917-00078;Локальная заявка;Настройка Wi-Fi;17.09.2026 13:15;17.09.2026 15:20;17.09.2026 14:15;Сокольники;Москва, Стромынка, д. 96;Киселева Регина Вадимовна;Киселева Регина Вадимовна;"Слабый сигнал в дальней комнате; подобрать канал и проверить покрытие. Ключ от технического помещения у администратора."
MSK-20260917-00418;Локальная заявка;Диагностика интернет-соединения;17.09.2026 10:00;17.09.2026 14:00;17.09.2026 11:00;Басманный;Москва, Спартаковская ул., д. 11;Емельянов и партнеры;Борисов Терентий Филатович;"Периодически пропадает соединение; проверить линию и уровень сигнала. Доступ согласован с клиентом."
MSK-20260917-00469;Подключение;Подключение квартиры FTTB;17.09.2026 13:30;17.09.2026 16:20;17.09.2026 14:30;Басманный;Москва, Спартаковская ул., д. 13;Никифорова Зоя Анатольевна;Никифорова Зоя Анатольевна;"Новый абонент; выполнить подключение, настроить оборудование и оформить акт. Доступ согласован с клиентом."
MSK-20260917-00182;Локальная заявка;Диагностика интернет-соединения;17.09.2026 15:00;17.09.2026 17:00;17.09.2026 16:00;Лефортово;Москва, Солдатская ул., д. 69;Молчанова Инкорпорэйтед;Агафья Анатольевна Осипова;"Периодически пропадает соединение; проверить линию и уровень сигнала. Ключ от технического помещения у администратора."
MSK-20260917-00328;Глобальная проблема;Замена коммутатора доступа;17.09.2026 14:15;17.09.2026 16:10;17.09.2026 14:45;Хамовники;Москва, Усачёва ул., д. 13;Эмиль Ануфриевич Тетерин;Эмиль Ануфриевич Тетерин;"Нет связи у группы абонентов; проверить питание и заменить коммутатор. Ключ от технического помещения у администратора."
MSK-20260917-00461;Глобальная проблема;Замена коммутатора доступа;17.09.2026 08:45;17.09.2026 10:45;17.09.2026 09:15;Басманный;Москва, Бакунинская ул., д. 6;ОАО «Анисимов, Потапов и Васильева»;Корнилова Анжелика Борисовна;"Нет связи у группы абонентов; проверить питание и заменить коммутатор. Позвонить за 30 минут до приезда."
MSK-20260917-00305;Глобальная проблема;Восстановление оптической линии;17.09.2026 10:15;17.09.2026 12:15;17.09.2026 10:45;Тверской;Москва, Тверская ул., д. 28;Кондрат Филатович Кузьмин;Кондрат Филатович Кузьмин;"Потеря сигнала на оптическом участке; локализовать повреждение и восстановить линию. Позвонить за 30 минут до приезда."
MSK-20260917-00244;Дозаказ;Доставка и установка приставки;17.09.2026 13:00;17.09.2026 15:00;17.09.2026 14:00;Басманный;Москва, Спартаковская ул., д. 32;Владимир Гордеевич Шарапов;Владимир Гордеевич Шарапов;Установить дополнительную ТВ-приставку и показать клиенту основные функции. Ключ от технического помещения у администратора.
MSK-20260917-00153;Подключение;Подключение квартиры FTTB;17.09.2026 13:00;17.09.2026 16:00;17.09.2026 14:00;Сокольники;Москва, Стромынка, д. 96;Киселева Регина Вадимовна;Киселева Регина Вадимовна;"Новый абонент; выполнить подключение, настроить оборудование и оформить акт. Позвонить за 30 минут до приезда."
MSK-20260917-00329;Глобальная проблема;Замена коммутатора доступа;17.09.2026 11:30;17.09.2026 13:30;17.09.2026 12:00;Лефортово;Москва, Солдатская ул., д. 38;Media Direction Group;Людмила Наумовна Дмитриева;"Нет связи у группы абонентов; проверить питание и заменить коммутатор. Ключ от технического помещения у администратора."
MSK-20260917-00448;Подключение;Подключение квартиры FTTB;17.09.2026 12:00;17.09.2026 16:00;17.09.2026 13:00;Тверской;Москва, Новослободская ул., д. 34;Федорова Клавдия Кузьминична;Федорова Клавдия Кузьминична;"Новый абонент; выполнить подключение, настроить оборудование и оформить акт. Ключ от технического помещения у администратора."
MSK-20260917-00213;Подключение;Подключение квартиры FTTB;17.09.2026 11:00;17.09.2026 15:00;17.09.2026 12:00;Хамовники;Москва, Комсомольский проспект, д. 37;Агафья Егоровна Красильникова;Агафья Егоровна Красильникова;"Новый абонент; выполнить подключение, настроить оборудование и оформить акт. Ключ от технического помещения у администратора."
MSK-20260917-00026;Локальная заявка;Диагностика интернет-соединения;17.09.2026 08:45;17.09.2026 12:45;17.09.2026 09:45;Басманный;Москва, Бауманская ул., д. 11;Сафонов Никита Афанасьевич;Сафонов Никита Афанасьевич;"Периодически пропадает соединение; проверить линию и уровень сигнала. Позвонить за 30 минут до приезда."
MSK-20260917-00338;Глобальная проблема;Восстановление оптической линии;17.09.2026 12:45;17.09.2026 14:15;17.09.2026 13:15;Хамовники;Москва, Усачёва ул., д. 113;Якуб Исидорович Сорокин;Якуб Исидорович Сорокин;"Потеря сигнала на оптическом участке; локализовать повреждение и восстановить линию. Доступ согласован с клиентом."
MSK-20260917-00477;Локальная заявка;Настройка Wi-Fi;17.09.2026 11:15;17.09.2026 15:15;17.09.2026 12:15;Марьина Роща;Москва, Октябрьская ул., д. 12;Савелий Афанасьевич Миронов;Савелий Афанасьевич Миронов;"Слабый сигнал в дальней комнате; подобрать канал и проверить покрытие. Ключ от технического помещения у администратора."
MSK-20260917-00172;Подключение;Прокладка кабеля и подключение;17.09.2026 09:00;17.09.2026 13:00;17.09.2026 10:00;Даниловский;Москва, Дубининская ул., д. 6;НПО «Гаврилов-Ильина»;Гостомысл Антонович Фролов;"Нужна прокладка кабеля до помещения; взять бухту кабеля и монтажный комплект. Позвонить за 30 минут до приезда."
MSK-20260917-00381;Локальная заявка;Настройка Wi-Fi;17.09.2026 14:00;17.09.2026 16:50;17.09.2026 15:00;Тверской;Москва, Новослободская ул., д. 14;Захар Георгиевич Мухин;Захар Георгиевич Мухин;"Слабый сигнал в дальней комнате; подобрать канал и проверить покрытие. Доступ согласован с клиентом."
MSK-20260917-00492;Локальная заявка;Восстановление IPTV;17.09.2026 12:15;17.09.2026 15:15;17.09.2026 13:15;Хамовники;Москва, Усачёва ул., д. 56;РАО «Назарова, Герасимова и Лобанов»;Павлова Людмила Васильевна;"Изображение зависает; проверить приставку и параметры подключения. Доступ согласован с клиентом."
MSK-20260917-00441;Локальная заявка;Восстановление IPTV;17.09.2026 13:30;17.09.2026 16:35;17.09.2026 14:30;Лефортово;Москва, Красноказарменная ул., д. 64;Кириллова Зоя Владимировна;Кириллова Зоя Владимировна;"Изображение зависает; проверить приставку и параметры подключения. Ключ от технического помещения у администратора."
MSK-20260917-00315;Подключение;Подключение офиса;17.09.2026 14:30;17.09.2026 16:30;17.09.2026 15:30;Сокольники;Москва, Стромынка, д. 120;Потапов Милий Игнатович;Потапов Милий Игнатович;Подключить офисный канал и проверить доступность сервисов заказчика. Ключ от технического помещения у администратора.
MSK-20260917-00118;Локальная заявка;Диагностика интернет-соединения;17.09.2026 14:00;17.09.2026 17:00;17.09.2026 15:00;Тверской;Москва, Тверская ул., д. 22;Радислав Жанович Гуляев;Радислав Жанович Гуляев;"Периодически пропадает соединение; проверить линию и уровень сигнала. Ключ от технического помещения у администратора."
MSK-20260917-00046;Подключение;Подключение квартиры FTTB;17.09.2026 11:30;17.09.2026 14:30;17.09.2026 12:30;Пресненский;Москва, Шмитовский проезд, д. 39;Раиса Петровна Тарасова;Раиса Петровна Тарасова;"Новый абонент; выполнить подключение, настроить оборудование и оформить акт. Позвонить за 30 минут до приезда."
MSK-20260917-00488;Локальная заявка;Диагностика интернет-соединения;17.09.2026 11:30;17.09.2026 13:30;17.09.2026 12:30;Даниловский;Москва, Дубининская ул., д. 4;Ефремов Лтд;Любомир Игоревич Третьяков;"Периодически пропадает соединение; проверить линию и уровень сигнала. Позвонить за 30 минут до приезда."
MSK-20260917-00007;Локальная заявка;Замена абонентского роутера;17.09.2026 10:15;17.09.2026 13:15;17.09.2026 11:15;Тверской;Москва, Лесная ул., д. 52;Федосеев Эраст Алексеевич;Федосеев Эраст Алексеевич;"Роутер перезагружается под нагрузкой; доставить замену и перенести настройки. Доступ согласован с клиентом."
MSK-20260917-00017;Локальная заявка;Настройка Wi-Fi;17.09.2026 14:45;17.09.2026 16:50;17.09.2026 15:45;Пресненский;Москва, Красная Пресня, д. 41;Севастьян Венедиктович Комиссаров;Севастьян Венедиктович Комиссаров;"Слабый сигнал в дальней комнате; подобрать канал и проверить покрытие. Позвонить за 30 минут до приезда."
MSK-20260917-00066;Дозаказ;Доставка и установка приставки;17.09.2026 10:15;17.09.2026 12:15;17.09.2026 11:15;Сокольники;Москва, Стромынка, д. 85;Эмилия Сергеевна Соловьева;Эмилия Сергеевна Соловьева;Установить дополнительную ТВ-приставку и показать клиенту основные функции. Ключ от технического помещения у администратора.
MSK-20260917-00300;Локальная заявка;Настройка Wi-Fi;17.09.2026 11:15;17.09.2026 13:15;17.09.2026 12:15;Тверской;Москва, Новослободская ул., д. 55;Тетерин Анисим Гаврилович;Тетерин Анисим Гаврилович;"Слабый сигнал в дальней комнате; подобрать канал и проверить покрытие. Ключ от технического помещения у администратора."
MSK-20260917-00485;Локальная заявка;Замена абонентского роутера;17.09.2026 11:45;17.09.2026 15:45;17.09.2026 12:45;Лефортово;Москва, Авиамоторная ул., д. 68;Якуб Елизарович Михеев;Якуб Елизарович Михеев;"Роутер перезагружается под нагрузкой; доставить замену и перенести настройки. Доступ согласован с клиентом."
MSK-20260917-00451;Локальная заявка;Восстановление IPTV;17.09.2026 12:30;17.09.2026 14:30;17.09.2026 13:30;Лефортово;Москва, Солдатская ул., д. 80;АО «Галкин-Никифоров»;тов. Исаков Алексей Ефимович;"Изображение зависает; проверить приставку и параметры подключения. Позвонить за 30 минут до приезда."
MSK-20260917-00125;Локальная заявка;Настройка Wi-Fi;17.09.2026 15:00;17.09.2026 17:20;17.09.2026 16:00;Марьина Роща;Москва, Шереметьевская ул., д. 64;ОАО «Белозеров Белякова»;Молчанов Вацлав Филатович;"Слабый сигнал в дальней комнате; подобрать канал и проверить покрытие. Позвонить за 30 минут до приезда."
MSK-20260917-00414;Подключение;Подключение квартиры FTTB;17.09.2026 10:30;17.09.2026 14:30;17.09.2026 11:30;Басманный;Москва, Бауманская ул., д. 88;НПО «Цветков-Бобров»;Сазонов Соломон Гордеевич;"Новый абонент; выполнить подключение, настроить оборудование и оформить акт. Доступ согласован с клиентом."
MSK-20260917-00290;Локальная заявка;Диагностика интернет-соединения;17.09.2026 14:15;17.09.2026 17:00;17.09.2026 15:15;Пресненский;Москва, Шмитовский проезд, д. 95;ИП «Куликов»;Евстафий Бориславович Соколов;"Периодически пропадает соединение; проверить линию и уровень сигнала. Позвонить за 30 минут до приезда."
MSK-20260917-00079;Локальная заявка;Диагностика интернет-соединения;17.09.2026 12:15;17.09.2026 16:15;17.09.2026 13:15;Пресненский;Москва, Звенигородская ул., д. 67;Сафонова Лтд;Оксана Федоровна Маслова;"Периодически пропадает соединение; проверить линию и уровень сигнала. Позвонить за 30 минут до приезда."
MSK-20260917-00092;Подключение;Подключение квартиры FTTB;17.09.2026 14:30;17.09.2026 17:20;17.09.2026 15:30;Даниловский;Москва, Люсиновская ул., д. 10;Новикова Майя Вячеславовна;Новикова Майя Вячеславовна;"Новый абонент; выполнить подключение, настроить оборудование и оформить акт. Доступ согласован с клиентом."
MSK-20260917-00080;Локальная заявка;Настройка Wi-Fi;17.09.2026 12:15;17.09.2026 16:15;17.09.2026 13:15;Тверской;Москва, Новослободская ул., д. 55;Тетерин Анисим Гаврилович;Тетерин Анисим Гаврилович;"Слабый сигнал в дальней комнате; подобрать канал и проверить покрытие. Доступ согласован с клиентом."
MSK-20260917-00472;Локальная заявка;Диагностика интернет-соединения;17.09.2026 12:30;17.09.2026 14:30;17.09.2026 13:30;Даниловский;Москва, Даниловский Вал, д. 22;Раиса Богдановна Некрасова;Раиса Богдановна Некрасова;"Периодически пропадает соединение; проверить линию и уровень сигнала. Доступ согласован с клиентом."
MSK-20260917-00020;Глобальная проблема;Восстановление оптической линии;17.09.2026 13:00;17.09.2026 15:00;17.09.2026 13:30;Пресненский;Москва, Шмитовский проезд, д. 38;Казаков Никифор Яковлевич;Казаков Никифор Яковлевич;"Потеря сигнала на оптическом участке; локализовать повреждение и восстановить линию. Ключ от технического помещения у администратора."
MSK-20260917-00325;Подключение;Прокладка кабеля и подключение;17.09.2026 09:30;17.09.2026 13:30;17.09.2026 10:30;Тверской;Москва, Новослободская ул., д. 115;Макар Адамович Нестеров;Макар Адамович Нестеров;"Нужна прокладка кабеля до помещения; взять бухту кабеля и монтажный комплект. Ключ от технического помещения у администратора."
MSK-20260917-00374;Подключение;Подключение квартиры FTTB;17.09.2026 12:15;17.09.2026 15:15;17.09.2026 13:15;Басманный;Москва, Спартаковская ул., д. 99;Евдокимова Василиса Ждановна;Евдокимова Василиса Ждановна;"Новый абонент; выполнить подключение, настроить оборудование и оформить акт. Ключ от технического помещения у администратора."
MSK-20260917-00045;Глобальная проблема;Замена коммутатора доступа;17.09.2026 10:45;17.09.2026 12:15;17.09.2026 11:15;Даниловский;Москва, Люсиновская ул., д. 76;Ершова Ксения Альбертовна;Ершова Ксения Альбертовна;"Нет связи у группы абонентов; проверить питание и заменить коммутатор. Ключ от технического помещения у администратора."
MSK-20260917-00141;Подключение;Подключение квартиры FTTB;17.09.2026 09:45;17.09.2026 13:45;17.09.2026 10:45;Лефортово;Москва, Солдатская ул., д. 57;ЗАО «Беляев Харитонова»;Турова Фаина Васильевна;"Новый абонент; выполнить подключение, настроить оборудование и оформить акт. Доступ согласован с клиентом."
MSK-20260917-00382;Подключение;Подключение квартиры FTTB;17.09.2026 12:45;17.09.2026 16:20;17.09.2026 13:45;Марьина Роща;Москва, Шереметьевская ул., д. 6;Жанна Аскольдовна Наумова;Жанна Аскольдовна Наумова;"Новый абонент; выполнить подключение, настроить оборудование и оформить акт. Ключ от технического помещения у администратора."
MSK-20260917-00377;Локальная заявка;Восстановление IPTV;17.09.2026 12:45;17.09.2026 15:45;17.09.2026 13:45;Пресненский;Москва, Звенигородская ул., д. 69;ИП «Пахомов»;Медведев Владимир Валентинович;"Изображение зависает; проверить приставку и параметры подключения. Ключ от технического помещения у администратора."
MSK-20260917-00493;Дозаказ;Доставка и установка приставки;17.09.2026 11:00;17.09.2026 14:00;17.09.2026 12:00;Даниловский;Москва, Люсиновская ул., д. 72;Карпов Фома Зиновьевич;Карпов Фома Зиновьевич;Установить дополнительную ТВ-приставку и показать клиенту основные функции. Позвонить за 30 минут до приезда.
MSK-20260917-00323;Глобальная проблема;Замена коммутатора доступа;17.09.2026 13:15;17.09.2026 14:45;17.09.2026 13:45;Басманный;Москва, Спартаковская ул., д. 15;Людмила Тимофеевна Куликова;Людмила Тимофеевна Куликова;"Нет связи у группы абонентов; проверить питание и заменить коммутатор. Позвонить за 30 минут до приезда."
MSK-20260917-00220;Глобальная проблема;Замена коммутатора доступа;17.09.2026 12:45;17.09.2026 14:45;17.09.2026 13:15;Сокольники;Москва, Сокольнический Вал, д. 41;Роман Феодосьевич Воронов;Роман Феодосьевич Воронов;"Нет связи у группы абонентов; проверить питание и заменить коммутатор. Доступ согласован с клиентом."
MSK-20260917-00148;Подключение;Прокладка кабеля и подключение;17.09.2026 10:45;17.09.2026 14:45;17.09.2026 11:45;Лефортово;Москва, Солдатская ул., д. 9;Кузьмина Пелагея Наумовна;Кузьмина Пелагея Наумовна;"Нужна прокладка кабеля до помещения; взять бухту кабеля и монтажный комплект. Позвонить за 30 минут до приезда."
MSK-20260917-00473;Локальная заявка;Диагностика интернет-соединения;17.09.2026 10:15;17.09.2026 12:15;17.09.2026 11:15;Даниловский;Москва, Даниловский Вал, д. 82;ИП «Терентьев»;Сорокина Мария Григорьевна;"Периодически пропадает соединение; проверить линию и уровень сигнала. Ключ от технического помещения у администратора."
MSK-20260917-00321;Локальная заявка;Диагностика интернет-соединения;17.09.2026 13:45;17.09.2026 16:45;17.09.2026 14:45;Марьина Роща;Москва, Сущёвский Вал, д. 94;Ольга Аркадьевна Лазарева;Ольга Аркадьевна Лазарева;"Периодически пропадает соединение; проверить линию и уровень сигнала. Ключ от технического помещения у администратора."
MSK-20260917-00360;Подключение;Подключение квартиры FTTB;17.09.2026 13:45;17.09.2026 15:50;17.09.2026 14:45;Пресненский;Москва, Красная Пресня, д. 80;Элеонора Эльдаровна Кононова;Элеонора Эльдаровна Кононова;"Новый абонент; выполнить подключение, настроить оборудование и оформить акт. Доступ согласован с клиентом."
MSK-20260917-00204;Локальная заявка;Диагностика интернет-соединения;17.09.2026 13:45;17.09.2026 17:00;17.09.2026 14:45;Пресненский;Москва, Красная Пресня, д. 64;Игнатова Евпраксия Георгиевна;Игнатова Евпраксия Георгиевна;"Периодически пропадает соединение; проверить линию и уровень сигнала. Позвонить за 30 минут до приезда."
MSK-20260917-00074;Локальная заявка;Диагностика интернет-соединения;17.09.2026 09:30;17.09.2026 12:30;17.09.2026 10:30;Сокольники;Москва, Стромынка, д. 85;Эмилия Сергеевна Соловьева;Эмилия Сергеевна Соловьева;"Периодически пропадает соединение; проверить линию и уровень сигнала. Доступ согласован с клиентом."
MSK-20260917-00201;Глобальная проблема;Восстановление оптической линии;17.09.2026 13:15;17.09.2026 14:45;17.09.2026 13:45;Басманный;Москва, Бауманская ул., д. 13;Васильев Марк Фомич;Васильев Марк Фомич;"Потеря сигнала на оптическом участке; локализовать повреждение и восстановить линию. Позвонить за 30 минут до приезда."
MSK-20260917-00240;Локальная заявка;Диагностика интернет-соединения;17.09.2026 11:00;17.09.2026 14:00;17.09.2026 12:00;Даниловский;Москва, Даниловский Вал, д. 107;ИП «Федорова, Мамонтова и Молчанова»;Гущина София Владиславовна;"Периодически пропадает соединение; проверить линию и уровень сигнала. Ключ от технического помещения у администратора."
MSK-20260917-00049;Локальная заявка;Диагностика интернет-соединения;17.09.2026 15:45;17.09.2026 17:00;17.09.2026 16:45;Тверской;Москва, Новослободская ул., д. 49;Федор Бориславович Авдеев;Федор Бориславович Авдеев;"Периодически пропадает соединение; проверить линию и уровень сигнала. Доступ согласован с клиентом."
MSK-20260917-00174;Подключение;Подключение квартиры FTTB;17.09.2026 14:15;17.09.2026 16:20;17.09.2026 15:15;Тверской;Москва, Тверская ул., д. 53;Красильникова Ульяна Ефимовна;Красильникова Ульяна Ефимовна;"Новый абонент; выполнить подключение, настроить оборудование и оформить акт. Доступ согласован с клиентом."
MSK-20260917-00286;Локальная заявка;Диагностика интернет-соединения;17.09.2026 08:45;17.09.2026 11:45;17.09.2026 09:45;Марьина Роща;Москва, Шереметьевская ул., д. 78;Киселев и партнеры;Кузнецова Глафира Алексеевна;"Периодически пропадает соединение; проверить линию и уровень сигнала. Доступ согласован с клиентом."
MSK-20260917-00214;Локальная заявка;Диагностика интернет-соединения;17.09.2026 11:30;17.09.2026 15:30;17.09.2026 12:30;Марьина Роща;Москва, Сущёвский Вал, д. 105;Вениамин Жоресович Савельев;Вениамин Жоресович Савельев;"Периодически пропадает соединение; проверить линию и уровень сигнала. Доступ согласован с клиентом."
MSK-20260917-00208;Локальная заявка;Диагностика интернет-соединения;17.09.2026 14:30;17.09.2026 17:00;17.09.2026 15:30;Пресненский;Москва, Шмитовский проезд, д. 103;Евдоким Григорьевич Якушев;Евдоким Григорьевич Якушев;"Периодически пропадает соединение; проверить линию и уровень сигнала. Ключ от технического помещения у администратора."
MSK-20260917-00139;Подключение;Подключение квартиры FTTB;17.09.2026 15:00;17.09.2026 16:20;17.09.2026 16:00;Хамовники;Москва, Комсомольский проспект, д. 65;Анастасия Львовна Евсеева;Анастасия Львовна Евсеева;"Новый абонент; выполнить подключение, настроить оборудование и оформить акт. Ключ от технического помещения у администратора."
MSK-20260917-00392;Локальная заявка;Настройка Wi-Fi;17.09.2026 09:15;17.09.2026 11:15;17.09.2026 10:15;Басманный;Москва, Бакунинская ул., д. 15;ООО «Харитонов»;Елена Эльдаровна Дмитриева;"Слабый сигнал в дальней комнате; подобрать канал и проверить покрытие. Ключ от технического помещения у администратора."
MSK-20260917-00411;Локальная заявка;Настройка Wi-Fi;17.09.2026 14:15;17.09.2026 16:50;17.09.2026 15:15;Басманный;Москва, Бауманская ул., д. 111;Лидия Леонидовна Агафонова;Лидия Леонидовна Агафонова;"Слабый сигнал в дальней комнате; подобрать канал и проверить покрытие. Позвонить за 30 минут до приезда."
MSK-20260917-00011;Локальная заявка;Восстановление IPTV;17.09.2026 14:30;17.09.2026 15:35;17.09.2026 15:30;Даниловский;Москва, Дубининская ул., д. 105;Константинова Пелагея Архиповна;Константинова Пелагея Архиповна;"Изображение зависает; проверить приставку и параметры подключения. Позвонить за 30 минут до приезда."
MSK-20260917-00481;Локальная заявка;Диагностика интернет-соединения;17.09.2026 09:15;17.09.2026 11:15;17.09.2026 10:15;Даниловский;Москва, Дубининская ул., д. 45;Митофан Исидорович Овчинников;Митофан Исидорович Овчинников;"Периодически пропадает соединение; проверить линию и уровень сигнала. Доступ согласован с клиентом."
MSK-20260917-00195;Локальная заявка;Замена абонентского роутера;17.09.2026 12:45;17.09.2026 14:45;17.09.2026 13:45;Тверской;Москва, Лесная ул., д. 9;Филипп Ильич Фадеев;Филипп Ильич Фадеев;"Роутер перезагружается под нагрузкой; доставить замену и перенести настройки. Доступ согласован с клиентом."
MSK-20260917-00373;Локальная заявка;Восстановление IPTV;17.09.2026 14:15;17.09.2026 15:35;17.09.2026 15:15;Хамовники;Москва, Плющиха, д. 107;Тарасова Екатерина Антоновна;Тарасова Екатерина Антоновна;"Изображение зависает; проверить приставку и параметры подключения. Доступ согласован с клиентом."
MSK-20260917-00426;Локальная заявка;Диагностика интернет-соединения;17.09.2026 12:30;17.09.2026 15:00;17.09.2026 13:30;Марьина Роща;Москва, Шереметьевская ул., д. 8;Панфилова Лтд;Белоусов Арефий Демьянович;"Периодически пропадает соединение; проверить линию и уровень сигнала. Доступ согласован с клиентом."
MSK-20260917-00495;Глобальная проблема;Замена коммутатора доступа;17.09.2026 14:00;17.09.2026 15:30;17.09.2026 14:30;Тверской;Москва, Тверская ул., д. 95;Пахомова Мария Афанасьевна;Пахомова Мария Афанасьевна;"Нет связи у группы абонентов; проверить питание и заменить коммутатор. Доступ согласован с клиентом."
MSK-20260917-00146;Локальная заявка;Восстановление IPTV;17.09.2026 11:45;17.09.2026 14:45;17.09.2026 12:45;Марьина Роща;Москва, Сущёвский Вал, д. 11;НПО «Рожкова, Сазонова и Лихачев»;Лука Ануфриевич Гущин;"Изображение зависает; проверить приставку и параметры подключения. Позвонить за 30 минут до приезда."
MSK-20260917-00478;Локальная заявка;Настройка Wi-Fi;17.09.2026 11:45;17.09.2026 15:45;17.09.2026 12:45;Пресненский;Москва, Звенигородская ул., д. 2;Пимен Валентинович Кузьмин;Пимен Валентинович Кузьмин;"Слабый сигнал в дальней комнате; подобрать канал и проверить покрытие. Позвонить за 30 минут до приезда."
MSK-20260917-00156;Локальная заявка;Диагностика интернет-соединения;17.09.2026 13:00;17.09.2026 15:00;17.09.2026 14:00;Басманный;Москва, Бауманская ул., д. 83;Тетерин Групп;Майя Федоровна Архипова;"Периодически пропадает соединение; проверить линию и уровень сигнала. Позвонить за 30 минут до приезда."
MSK-20260917-00460;Подключение;Подключение квартиры FTTB;17.09.2026 10:30;17.09.2026 13:30;17.09.2026 11:30;Тверской;Москва, Лесная ул., д. 12;Таисия Архиповна Виноградова;Таисия Архиповна Виноградова;"Новый абонент; выполнить подключение, настроить оборудование и оформить акт. Ключ от технического помещения у администратора."
MSK-20260917-00456;Подключение;Подключение квартиры FTTB;17.09.2026 09:30;17.09.2026 13:30;17.09.2026 10:30;Пресненский;Москва, Звенигородская ул., д. 114;Вероника Игоревна Фомичева;Вероника Игоревна Фомичева;"Новый абонент; выполнить подключение, настроить оборудование и оформить акт. Позвонить за 30 минут до приезда."
MSK-20260917-00394;Локальная заявка;Диагностика интернет-соединения;17.09.2026 13:45;17.09.2026 15:45;17.09.2026 14:45;Сокольники;Москва, Сокольнический Вал, д. 107;Костин Онуфрий Игнатьевич;Костин Онуфрий Игнатьевич;"Периодически пропадает соединение; проверить линию и уровень сигнала. Ключ от технического помещения у администратора."
MSK-20260917-00225;Локальная заявка;Восстановление IPTV;17.09.2026 14:00;17.09.2026 17:35;17.09.2026 15:00;Тверской;Москва, Новослободская ул., д. 46;Порфирий Владиленович Хохлов;Порфирий Владиленович Хохлов;"Изображение зависает; проверить приставку и параметры подключения. Доступ согласован с клиентом."
MSK-20260917-00047;Подключение;Прокладка кабеля и подключение;17.09.2026 12:30;17.09.2026 14:30;17.09.2026 13:30;Тверской;Москва, Новослободская ул., д. 58;Прохоров Лимитед;Никитин Измаил Даниилович;"Нужна прокладка кабеля до помещения; взять бухту кабеля и монтажный комплект. Ключ от технического помещения у администратора."
MSK-20260917-00428;Глобальная проблема;Замена коммутатора доступа;17.09.2026 11:30;17.09.2026 13:00;17.09.2026 12:00;Басманный;Москва, Бауманская ул., д. 11;Сафонов Никита Афанасьевич;Сафонов Никита Афанасьевич;"Нет связи у группы абонентов; проверить питание и заменить коммутатор. Доступ согласован с клиентом."
MSK-20260917-00173;Локальная заявка;Замена абонентского роутера;17.09.2026 11:30;17.09.2026 13:30;17.09.2026 12:30;Тверской;Москва, Тверская ул., д. 10;Шарова Синклитикия Николаевна;Шарова Синклитикия Николаевна;"Роутер перезагружается под нагрузкой; доставить замену и перенести настройки. Ключ от технического помещения у администратора."
MSK-20260917-00379;Локальная заявка;Диагностика интернет-соединения;17.09.2026 14:00;17.09.2026 16:00;17.09.2026 15:00;Хамовники;Москва, Комсомольский проспект, д. 90;Королев Велимир Еремеевич;Королев Велимир Еремеевич;"Периодически пропадает соединение; проверить линию и уровень сигнала. Ключ от технического помещения у администратора."
MSK-20260917-00131;Локальная заявка;Восстановление IPTV;17.09.2026 13:15;17.09.2026 17:05;17.09.2026 14:15;Лефортово;Москва, Красноказарменная ул., д. 98;Фомина Валерия Мироновна;Фомина Валерия Мироновна;"Изображение зависает; проверить приставку и параметры подключения. Ключ от технического помещения у администратора."
MSK-20260917-00324;Локальная заявка;Настройка Wi-Fi;17.09.2026 09:00;17.09.2026 11:00;17.09.2026 10:00;Тверской;Москва, Новослободская ул., д. 76;Лариса Семеновна Полякова;Лариса Семеновна Полякова;"Слабый сигнал в дальней комнате; подобрать канал и проверить покрытие. Доступ согласован с клиентом."
MSK-20260917-00054;Подключение;Подключение офиса;17.09.2026 08:30;17.09.2026 10:30;17.09.2026 09:30;Лефортово;Москва, Авиамоторная ул., д. 105;Авдей Чеславович Муравьев;Авдей Чеславович Муравьев;Подключить офисный канал и проверить доступность сервисов заказчика. Доступ согласован с клиентом.
MSK-20260917-00457;Локальная заявка;Диагностика интернет-соединения;17.09.2026 10:00;17.09.2026 14:00;17.09.2026 11:00;Басманный;Москва, Бакунинская ул., д. 57;НПО «Ефимова-Исаева»;Алина Руслановна Анисимова;"Периодически пропадает соединение; проверить линию и уровень сигнала. Доступ согласован с клиентом."
MSK-20260917-00247;Подключение;Подключение квартиры FTTB;17.09.2026 10:15;17.09.2026 12:15;17.09.2026 11:15;Тверской;Москва, Новослободская ул., д. 9;Волков Силантий Федосеевич;Волков Силантий Федосеевич;"Новый абонент; выполнить подключение, настроить оборудование и оформить акт. Ключ от технического помещения у администратора."
MSK-20260917-00185;Локальная заявка;Диагностика интернет-соединения;17.09.2026 11:00;17.09.2026 14:00;17.09.2026 12:00;Сокольники;Москва, Стромынка, д. 96;Киселева Регина Вадимовна;Киселева Регина Вадимовна;"Периодически пропадает соединение; проверить линию и уровень сигнала. Позвонить за 30 минут до приезда."
MSK-20260917-00110;Локальная заявка;Настройка Wi-Fi;17.09.2026 14:15;17.09.2026 16:15;17.09.2026 15:15;Тверской;Москва, Лесная ул., д. 16;БМВ Русланд Трейдинг (BMW);Агафонов Зосима Евстигнеевич;"Слабый сигнал в дальней комнате; подобрать канал и проверить покрытие. Позвонить за 30 минут до приезда."
MSK-20260917-00261;Глобальная проблема;Восстановление оптической линии;17.09.2026 12:30;17.09.2026 14:00;17.09.2026 13:00;Пресненский;Москва, Шмитовский проезд, д. 63;Металлсервис;Воронцов Всемил Ефстафьевич;"Потеря сигнала на оптическом участке; локализовать повреждение и восстановить линию. Позвонить за 30 минут до приезда."
MSK-20260917-00491;Локальная заявка;Диагностика интернет-соединения;17.09.2026 12:15;17.09.2026 16:00;17.09.2026 13:15;Пресненский;Москва, Звенигородская ул., д. 114;Вероника Игоревна Фомичева;Вероника Игоревна Фомичева;"Периодически пропадает соединение; проверить линию и уровень сигнала. Доступ согласован с клиентом."
MSK-20260917-00002;Локальная заявка;Настройка Wi-Fi;17.09.2026 14:00;17.09.2026 15:50;17.09.2026 15:00;Басманный;Москва, Бакунинская ул., д. 103;Евграф Исидорович Медведев;Евграф Исидорович Медведев;"Слабый сигнал в дальней комнате; подобрать канал и проверить покрытие. Позвонить за 30 минут до приезда."
MSK-20260917-00089;Локальная заявка;Восстановление IPTV;17.09.2026 15:45;17.09.2026 17:05;17.09.2026 16:45;Лефортово;Москва, Авиамоторная ул., д. 11;Фадей Трифонович Степанов;Фадей Трифонович Степанов;"Изображение зависает; проверить приставку и параметры подключения. Доступ согласован с клиентом."
MSK-20260917-00088;Локальная заявка;Диагностика интернет-соединения;17.09.2026 09:45;17.09.2026 13:45;17.09.2026 10:45;Басманный;Москва, Бакунинская ул., д. 88;Лукьян Филиппович Трофимов;Лукьян Филиппович Трофимов;"Периодически пропадает соединение; проверить линию и уровень сигнала. Доступ согласован с клиентом."
MSK-20260917-00159;Подключение;Подключение квартиры FTTB;17.09.2026 14:45;17.09.2026 15:50;17.09.2026 15:45;Пресненский;Москва, Красная Пресня, д. 45;АО «Савина, Мельников и Суханова»;Константинова Анастасия Робертовна;"Новый абонент; выполнить подключение, настроить оборудование и оформить акт. Ключ от технического помещения у администратора."
MSK-20260917-00090;Локальная заявка;Диагностика интернет-соединения;17.09.2026 13:30;17.09.2026 16:00;17.09.2026 14:30;Тверской;Москва, Лесная ул., д. 52;Федосеев Эраст Алексеевич;Федосеев Эраст Алексеевич;"Периодически пропадает соединение; проверить линию и уровень сигнала. Ключ от технического помещения у администратора."
MSK-20260917-00120;Локальная заявка;Диагностика интернет-соединения;17.09.2026 08:45;17.09.2026 11:45;17.09.2026 09:45;Пресненский;Москва, Красная Пресня, д. 100;Пахомова Маргарита Андреевна;Пахомова Маргарита Андреевна;"Периодически пропадает соединение; проверить линию и уровень сигнала. Ключ от технического помещения у администратора."
MSK-20260917-00351;Локальная заявка;Замена абонентского роутера;17.09.2026 12:00;17.09.2026 14:45;17.09.2026 13:00;Марьина Роща;Москва, Сущёвский Вал, д. 51;Терентьев Евграф Ааронович;Терентьев Евграф Ааронович;"Роутер перезагружается под нагрузкой; доставить замену и перенести настройки. Позвонить за 30 минут до приезда."
MSK-20260917-00037;Подключение;Подключение квартиры FTTB;17.09.2026 14:30;17.09.2026 16:20;17.09.2026 15:30;Басманный;Москва, Спартаковская ул., д. 82;Металлокомплект-М;Молчанова Фёкла Борисовна;"Новый абонент; выполнить подключение, настроить оборудование и оформить акт. Позвонить за 30 минут до приезда."
MSK-20260917-00444;Локальная заявка;Диагностика интернет-соединения;17.09.2026 11:45;17.09.2026 14:45;17.09.2026 12:45;Пресненский;Москва, Звенигородская ул., д. 2;Пимен Валентинович Кузьмин;Пимен Валентинович Кузьмин;"Периодически пропадает соединение; проверить линию и уровень сигнала. Ключ от технического помещения у администратора."
MSK-20260917-00371;Локальная заявка;Настройка Wi-Fi;17.09.2026 10:30;17.09.2026 14:30;17.09.2026 11:30;Даниловский;Москва, Люсиновская ул., д. 70;ЗАО «Исаков»;Романов Корнил Дмитриевич;"Слабый сигнал в дальней комнате; подобрать канал и проверить покрытие. Ключ от технического помещения у администратора."
MSK-20260917-00052;Подключение;Подключение квартиры FTTB;17.09.2026 14:30;17.09.2026 16:20;17.09.2026 15:30;Басманный;Москва, Спартаковская ул., д. 19;Тихонова Милица Богдановна;Тихонова Милица Богдановна;"Новый абонент; выполнить подключение, настроить оборудование и оформить акт. Позвонить за 30 минут до приезда."
MSK-20260917-00429;Локальная заявка;Настройка Wi-Fi;17.09.2026 11:00;17.09.2026 13:00;17.09.2026 12:00;Сокольники;Москва, Русаковская ул., д. 1;ЗАО «Третьякова Третьякова»;Третьяков Демид Виленович;"Слабый сигнал в дальней комнате; подобрать канал и проверить покрытие. Доступ согласован с клиентом."
MSK-20260917-00009;Локальная заявка;Замена абонентского роутера;17.09.2026 15:30;17.09.2026 17:15;17.09.2026 16:30;Тверской;Москва, Тверская ул., д. 55;Панов Мина Даниилович;Панов Мина Даниилович;"Роутер перезагружается под нагрузкой; доставить замену и перенести настройки. Позвонить за 30 минут до приезда."
MSK-20260917-00137;Локальная заявка;Замена абонентского роутера;17.09.2026 09:45;17.09.2026 13:45;17.09.2026 10:45;Хамовники;Москва, Плющиха, д. 115;ОАО «Прохоров Исакова»;Дмитриева Синклитикия Рубеновна;"Роутер перезагружается под нагрузкой; доставить замену и перенести настройки. Доступ согласован с клиентом."
MSK-20260917-00334;Локальная заявка;Замена абонентского роутера;17.09.2026 11:45;17.09.2026 15:45;17.09.2026 12:45;Пресненский;Москва, Шмитовский проезд, д. 18;Лыткин Групп;Исай Зиновьевич Новиков;"Роутер перезагружается под нагрузкой; доставить замену и перенести настройки. Позвонить за 30 минут до приезда."
MSK-20260917-00424;Локальная заявка;Диагностика интернет-соединения;17.09.2026 10:15;17.09.2026 12:15;17.09.2026 11:15;Лефортово;Москва, Красноказарменная ул., д. 15;Мишина Галина Руслановна;Мишина Галина Руслановна;"Периодически пропадает соединение; проверить линию и уровень сигнала. Позвонить за 30 минут до приезда."
MSK-20260917-00250;Подключение;Подключение квартиры FTTB;17.09.2026 12:00;17.09.2026 15:00;17.09.2026 13:00;Тверской;Москва, Тверская ул., д. 54;Кулагин Христофор Всеволодович;Кулагин Христофор Всеволодович;"Новый абонент; выполнить подключение, настроить оборудование и оформить акт. Доступ согласован с клиентом."
MSK-20260917-00437;Глобальная проблема;Восстановление оптической линии;17.09.2026 11:45;17.09.2026 12:45;17.09.2026 12:15;Пресненский;Москва, Шмитовский проезд, д. 107;АО «Фомина-Мельников»;Агафон Даниилович Беляков;"Потеря сигнала на оптическом участке; локализовать повреждение и восстановить линию. Ключ от технического помещения у администратора."
MSK-20260917-00470;Подключение;Подключение квартиры FTTB;17.09.2026 13:45;17.09.2026 15:45;17.09.2026 14:45;Тверской;Москва, Новослободская ул., д. 100;НПО «Рябов-Сысоев»;Никифоров Климент Евстигнеевич;"Новый абонент; выполнить подключение, настроить оборудование и оформить акт. Позвонить за 30 минут до приезда."
MSK-20260917-00283;Локальная заявка;Восстановление IPTV;17.09.2026 11:15;17.09.2026 14:15;17.09.2026 12:15;Хамовники;Москва, Усачёва ул., д. 98;Потапова Наталья Вениаминовна;Потапова Наталья Вениаминовна;"Изображение зависает; проверить приставку и параметры подключения. Позвонить за 30 минут до приезда."
MSK-20260917-00154;Подключение;Подключение квартиры FTTB;17.09.2026 15:30;17.09.2026 16:50;17.09.2026 16:30;Сокольники;Москва, Стромынка, д. 72;Кузьмин Борис Аверьянович;Кузьмин Борис Аверьянович;"Новый абонент; выполнить подключение, настроить оборудование и оформить акт. Ключ от технического помещения у администратора."
MSK-20260917-00257;Дозаказ;Доставка и установка приставки;17.09.2026 11:00;17.09.2026 14:00;17.09.2026 12:00;Басманный;Москва, Бауманская ул., д. 97;Савелий Чеславович Рябов;Савелий Чеславович Рябов;Установить дополнительную ТВ-приставку и показать клиенту основные функции. Позвонить за 30 минут до приезда.
MSK-20260917-00331;Локальная заявка;Восстановление IPTV;17.09.2026 12:00;17.09.2026 14:00;17.09.2026 13:00;Пресненский;Москва, Шмитовский проезд, д. 74;Нонна Оскаровна Быкова;Нонна Оскаровна Быкова;"Изображение зависает; проверить приставку и параметры подключения. Позвонить за 30 минут до приезда."
MSK-20260917-00105;Локальная заявка;Настройка Wi-Fi;17.09.2026 12:00;17.09.2026 15:00;17.09.2026 13:00;Басманный;Москва, Бауманская ул., д. 31;Дементьева Маргарита Михайловна;Дементьева Маргарита Михайловна;"Слабый сигнал в дальней комнате; подобрать канал и проверить покрытие. Доступ согласован с клиентом."
MSK-20260917-00301;Локальная заявка;Диагностика интернет-соединения;17.09.2026 11:15;17.09.2026 15:15;17.09.2026 12:15;Пресненский;Москва, Шмитовский проезд, д. 96;АО «Соловьева»;Феоктист Фёдорович Рогов;"Периодически пропадает соединение; проверить линию и уровень сигнала. Ключ от технического помещения у администратора."
MSK-20260917-00449;Локальная заявка;Диагностика интернет-соединения;17.09.2026 13:30;17.09.2026 15:30;17.09.2026 14:30;Марьина Роща;Москва, Октябрьская ул., д. 42;Лазарева Майя Альбертовна;Лазарева Майя Альбертовна;"Периодически пропадает соединение; проверить линию и уровень сигнала. Позвонить за 30 минут до приезда."
MSK-20260917-00193;Дозаказ;Доставка и установка приставки;17.09.2026 12:00;17.09.2026 15:00;17.09.2026 13:00;Сокольники;Москва, Русаковская ул., д. 101;Доронина Ульяна Вадимовна;Доронина Ульяна Вадимовна;Установить дополнительную ТВ-приставку и показать клиенту основные функции. Позвонить за 30 минут до приезда.
MSK-20260917-00034;Локальная заявка;Диагностика интернет-соединения;17.09.2026 10:45;17.09.2026 13:45;17.09.2026 11:45;Хамовники;Москва, Плющиха, д. 73;Третьяков Вацлав Эдгардович;Третьяков Вацлав Эдгардович;"Периодически пропадает соединение; проверить линию и уровень сигнала. Доступ согласован с клиентом."
MSK-20260917-00295;Глобальная проблема;Замена коммутатора доступа;17.09.2026 13:30;17.09.2026 15:00;17.09.2026 14:00;Сокольники;Москва, Сокольнический Вал, д. 120;Юлиан Глебович Федоров;Юлиан Глебович Федоров;"Нет связи у группы абонентов; проверить питание и заменить коммутатор. Ключ от технического помещения у администратора."
MSK-20260917-00317;Локальная заявка;Диагностика интернет-соединения;17.09.2026 15:30;17.09.2026 17:00;17.09.2026 16:30;Басманный;Москва, Спартаковская ул., д. 62;НПО «Мартынова-Комаров»;Зосима Абрамович Захаров;"Периодически пропадает соединение; проверить линию и уровень сигнала. Доступ согласован с клиентом."
MSK-20260917-00027;Локальная заявка;Восстановление IPTV;17.09.2026 14:15;17.09.2026 16:35;17.09.2026 15:15;Даниловский;Москва, Дубининская ул., д. 23;Митофан Эдгарович Григорьев;Митофан Эдгарович Григорьев;"Изображение зависает; проверить приставку и параметры подключения. Ключ от технического помещения у администратора."
MSK-20260917-00464;Подключение;Подключение офиса;17.09.2026 13:30;17.09.2026 15:30;17.09.2026 14:30;Тверской;Москва, Тверская ул., д. 58;АО «Ефимова»;Ситников Иннокентий Валерьянович;Подключить офисный канал и проверить доступность сервисов заказчика. Ключ от технического помещения у администратора.
MSK-20260917-00063;Локальная заявка;Замена абонентского роутера;17.09.2026 10:30;17.09.2026 14:30;17.09.2026 11:30;Пресненский;Москва, Шмитовский проезд, д. 70;Лукия Олеговна Нестерова;Лукия Олеговна Нестерова;"Роутер перезагружается под нагрузкой; доставить замену и перенести настройки. Позвонить за 30 минут до приезда."
MSK-20260917-00339;Подключение;Подключение офиса;17.09.2026 10:45;17.09.2026 14:45;17.09.2026 11:45;Хамовники;Москва, Усачёва ул., д. 81;АО «Данилова Александрова»;Фомин Фрол Терентьевич;Подключить офисный канал и проверить доступность сервисов заказчика. Доступ согласован с клиентом.
MSK-20260917-00434;Подключение;Подключение офиса;17.09.2026 10:00;17.09.2026 13:00;17.09.2026 11:00;Даниловский;Москва, Дубининская ул., д. 46;Потап Терентьевич Никонов;Потап Терентьевич Никонов;Подключить офисный канал и проверить доступность сервисов заказчика. Доступ согласован с клиентом.
MSK-20260917-00210;Подключение;Подключение квартиры FTTB;17.09.2026 14:30;17.09.2026 15:50;17.09.2026 15:30;Басманный;Москва, Спартаковская ул., д. 22;ООО «Воробьев-Калинин»;Морозов Виктор Венедиктович;"Новый абонент; выполнить подключение, настроить оборудование и оформить акт. Доступ согласован с клиентом."
MSK-20260917-00062;Дозаказ;Доставка и установка приставки;17.09.2026 10:15;17.09.2026 12:15;17.09.2026 11:15;Марьина Роща;Москва, Сущёвский Вал, д. 80;Алексеева Екатерина Борисовна;Алексеева Екатерина Борисовна;Установить дополнительную ТВ-приставку и показать клиенту основные функции. Доступ согласован с клиентом.
MSK-20260917-00306;Локальная заявка;Настройка Wi-Fi;17.09.2026 09:45;17.09.2026 11:45;17.09.2026 10:45;Сокольники;Москва, Русаковская ул., д. 102;Брагин Трифон Фадеевич;Брагин Трифон Фадеевич;"Слабый сигнал в дальней комнате; подобрать канал и проверить покрытие. Ключ от технического помещения у администратора."
MSK-20260917-00287;Локальная заявка;Настройка Wi-Fi;17.09.2026 09:15;17.09.2026 13:15;17.09.2026 10:15;Сокольники;Москва, Русаковская ул., д. 112;Милица Михайловна Антонова;Милица Михайловна Антонова;"Слабый сигнал в дальней комнате; подобрать канал и проверить покрытие. Доступ согласован с клиентом."
MSK-20260917-00393;Подключение;Подключение квартиры FTTB;17.09.2026 09:15;17.09.2026 12:15;17.09.2026 10:15;Лефортово;Москва, Солдатская ул., д. 103;АО «Кабанова Доронин»;Рябов Всемил Тимурович;"Новый абонент; выполнить подключение, настроить оборудование и оформить акт. Ключ от технического помещения у администратора."
MSK-20260917-00366;Подключение;Прокладка кабеля и подключение;17.09.2026 11:30;17.09.2026 14:40;17.09.2026 12:30;Лефортово;Москва, Солдатская ул., д. 15;Емельянов Александр Германович;Емельянов Александр Германович;"Нужна прокладка кабеля до помещения; взять бухту кабеля и монтажный комплект. Доступ согласован с клиентом."
MSK-20260917-00189;Подключение;Подключение квартиры FTTB;17.09.2026 13:15;17.09.2026 16:15;17.09.2026 14:15;Пресненский;Москва, Шмитовский проезд, д. 96;АО «Соловьева»;Феоктист Фёдорович Рогов;"Новый абонент; выполнить подключение, настроить оборудование и оформить акт. Ключ от технического помещения у администратора."
MSK-20260917-00239;Локальная заявка;Замена абонентского роутера;17.09.2026 14:30;17.09.2026 16:45;17.09.2026 15:30;Тверской;Москва, Тверская ул., д. 86;ОАО «Лебедева-Мишин»;Модест Богданович Воронов;"Роутер перезагружается под нагрузкой; доставить замену и перенести настройки. Ключ от технического помещения у администратора."
MSK-20260917-00248;Локальная заявка;Диагностика интернет-соединения;17.09.2026 12:30;17.09.2026 15:30;17.09.2026 13:30;Марьина Роща;Москва, Октябрьская ул., д. 87;ЗАО «Цветков-Зайцева»;Комарова Клавдия Валериевна;"Периодически пропадает соединение; проверить линию и уровень сигнала. Позвонить за 30 минут до приезда."
MSK-20260917-00404;Локальная заявка;Диагностика интернет-соединения;17.09.2026 11:15;17.09.2026 14:15;17.09.2026 12:15;Басманный;Москва, Бауманская ул., д. 107;ОАО «Жданова-Мельников»;Мельников Галактион Фёдорович;"Периодически пропадает соединение; проверить линию и уровень сигнала. Ключ от технического помещения у администратора."
MSK-20260917-00178;Глобальная проблема;Замена коммутатора доступа;17.09.2026 14:15;17.09.2026 15:45;17.09.2026 14:45;Тверской;Москва, Лесная ул., д. 68;Агафья Борисовна Силина;Агафья Борисовна Силина;"Нет связи у группы абонентов; проверить питание и заменить коммутатор. Позвонить за 30 минут до приезда."
MSK-20260917-00303;Локальная заявка;Восстановление IPTV;17.09.2026 11:00;17.09.2026 14:00;17.09.2026 12:00;Басманный;Москва, Спартаковская ул., д. 56;Ювеналий Ануфриевич Самойлов;Ювеналий Ануфриевич Самойлов;"Изображение зависает; проверить приставку и параметры подключения. Ключ от технического помещения у администратора."
MSK-20260917-00161;Локальная заявка;Восстановление IPTV;17.09.2026 13:45;17.09.2026 17:35;17.09.2026 14:45;Сокольники;Москва, Сокольнический Вал, д. 26;ООО «Савельева Сафонов»;Роман Давидович Якушев;"Изображение зависает; проверить приставку и параметры подключения. Доступ согласован с клиентом."
MSK-20260917-00006;Локальная заявка;Настройка Wi-Fi;17.09.2026 14:30;17.09.2026 17:20;17.09.2026 15:30;Тверской;Москва, Новослободская ул., д. 12;г-жа Одинцова Дарья Тарасовна;г-жа Одинцова Дарья Тарасовна;"Слабый сигнал в дальней комнате; подобрать канал и проверить покрытие. Позвонить за 30 минут до приезда."
MSK-20260917-00465;Подключение;Подключение квартиры FTTB;17.09.2026 11:15;17.09.2026 13:15;17.09.2026 12:15;Тверской;Москва, Лесная ул., д. 93;Быкова Групп;Лыткина Регина Натановна;"Новый абонент; выполнить подключение, настроить оборудование и оформить акт. Ключ от технического помещения у администратора."
MSK-20260917-00432;Подключение;Прокладка кабеля и подключение;17.09.2026 14:00;17.09.2026 15:10;17.09.2026 15:00;Басманный;Москва, Бакунинская ул., д. 114;Мишин Лаврентий Валентинович;Мишин Лаврентий Валентинович;"Нужна прокладка кабеля до помещения; взять бухту кабеля и монтажный комплект. Доступ согласован с клиентом."
MSK-20260917-00001;Локальная заявка;Диагностика интернет-соединения;17.09.2026 12:45;17.09.2026 16:00;17.09.2026 13:45;Хамовники;Москва, Комсомольский проспект, д. 58;Лариса Максимовна Лазарева;Лариса Максимовна Лазарева;"Периодически пропадает соединение; проверить линию и уровень сигнала. Доступ согласован с клиентом."
MSK-20260917-00216;Глобальная проблема;Замена коммутатора доступа;17.09.2026 10:15;17.09.2026 11:45;17.09.2026 10:45;Тверской;Москва, Тверская ул., д. 28;Кондрат Филатович Кузьмин;Кондрат Филатович Кузьмин;"Нет связи у группы абонентов; проверить питание и заменить коммутатор. Ключ от технического помещения у администратора."
MSK-20260917-00378;Локальная заявка;Настройка Wi-Fi;17.09.2026 12:00;17.09.2026 15:00;17.09.2026 13:00;Сокольники;Москва, Русаковская ул., д. 113;Лукия Викторовна Потапова;Лукия Викторовна Потапова;"Слабый сигнал в дальней комнате; подобрать канал и проверить покрытие. Доступ согласован с клиентом."
MSK-20260917-00183;Локальная заявка;Диагностика интернет-соединения;17.09.2026 11:00;17.09.2026 14:00;17.09.2026 12:00;Пресненский;Москва, Красная Пресня, д. 32;Мефодий Валерьевич Уваров;Мефодий Валерьевич Уваров;"Периодически пропадает соединение; проверить линию и уровень сигнала. Ключ от технического помещения у администратора."
MSK-20260917-00124;Дозаказ;Доставка и установка приставки;17.09.2026 09:45;17.09.2026 13:45;17.09.2026 10:45;Пресненский;Москва, Звенигородская ул., д. 51;НПО «Лапина-Потапов»;Федотова Регина Вячеславовна;Установить дополнительную ТВ-приставку и показать клиенту основные функции. Позвонить за 30 минут до приезда.
MSK-20260917-00130;Локальная заявка;Замена абонентского роутера;17.09.2026 11:00;17.09.2026 15:00;17.09.2026 12:00;Даниловский;Москва, Даниловский Вал, д. 42;Калашникова Клавдия Даниловна;Калашникова Клавдия Даниловна;"Роутер перезагружается под нагрузкой; доставить замену и перенести настройки. Позвонить за 30 минут до приезда."
MSK-20260917-00363;Подключение;Подключение офиса;17.09.2026 11:45;17.09.2026 13:45;17.09.2026 12:45;Даниловский;Москва, Даниловский Вал, д. 42;Калашникова Клавдия Даниловна;Калашникова Клавдия Даниловна;Подключить офисный канал и проверить доступность сервисов заказчика. Доступ согласован с клиентом.
MSK-20260917-00219;Подключение;Подключение офиса;17.09.2026 11:30;17.09.2026 14:30;17.09.2026 12:30;Тверской;Москва, Лесная ул., д. 15;ИП «Щербакова»;Коновалов Аверкий Фёдорович;Подключить офисный канал и проверить доступность сервисов заказчика. Позвонить за 30 минут до приезда.
MSK-20260917-00196;Локальная заявка;Диагностика интернет-соединения;17.09.2026 13:00;17.09.2026 16:00;17.09.2026 14:00;Сокольники;Москва, Стромынка, д. 33;Аксенов Устин Геннадиевич;Аксенов Устин Геннадиевич;"Периодически пропадает соединение; проверить линию и уровень сигнала. Позвонить за 30 минут до приезда."
MSK-20260917-00489;Локальная заявка;Замена абонентского роутера;17.09.2026 10:45;17.09.2026 13:45;17.09.2026 11:45;Сокольники;Москва, Русаковская ул., д. 52;Екатерина Анатольевна Блохина;Екатерина Анатольевна Блохина;"Роутер перезагружается под нагрузкой; доставить замену и перенести настройки. Ключ от технического помещения у администратора."
MSK-20260917-00350;Глобальная проблема;Восстановление оптической линии;17.09.2026 11:15;17.09.2026 12:45;17.09.2026 11:45;Марьина Роща;Москва, Октябрьская ул., д. 110;ИП «Васильева Панфилова»;Новикова Елена Афанасьевна;"Потеря сигнала на оптическом участке; локализовать повреждение и восстановить линию. Ключ от технического помещения у администратора."
MSK-20260917-00280;Локальная заявка;Диагностика интернет-соединения;17.09.2026 08:45;17.09.2026 10:45;17.09.2026 09:45;Пресненский;Москва, Красная Пресня, д. 21;Чернова Василиса Эльдаровна;Чернова Василиса Эльдаровна;"Периодически пропадает соединение; проверить линию и уровень сигнала. Позвонить за 30 минут до приезда."
MSK-20260917-00318;Подключение;Подключение квартиры FTTB;17.09.2026 09:00;17.09.2026 12:00;17.09.2026 10:00;Тверской;Москва, Лесная ул., д. 52;Федосеев Эраст Алексеевич;Федосеев Эраст Алексеевич;"Новый абонент; выполнить подключение, настроить оборудование и оформить акт. Доступ согласован с клиентом."
MSK-20260917-00107;Локальная заявка;Замена абонентского роутера;17.09.2026 11:00;17.09.2026 14:00;17.09.2026 12:00;Сокольники;Москва, Русаковская ул., д. 57;Мамонтова Эмилия Тимуровна;Мамонтова Эмилия Тимуровна;"Роутер перезагружается под нагрузкой; доставить замену и перенести настройки. Ключ от технического помещения у администратора."
MSK-20260917-00069;Подключение;Подключение квартиры FTTB;17.09.2026 10:45;17.09.2026 12:45;17.09.2026 11:45;Марьина Роща;Москва, Сущёвский Вал, д. 86;ММС Рус (Mitsubishi Motors);Капитон Адрианович Нестеров;"Новый абонент; выполнить подключение, настроить оборудование и оформить акт. Доступ согласован с клиентом."
MSK-20260917-00302;Локальная заявка;Диагностика интернет-соединения;17.09.2026 13:00;17.09.2026 17:00;17.09.2026 14:00;Басманный;Москва, Бауманская ул., д. 22;НПО «Степанов»;Крылов Кир Марсович;"Периодически пропадает соединение; проверить линию и уровень сигнала. Позвонить за 30 минут до приезда."
MSK-20260917-00417;Дозаказ;Доставка и установка приставки;17.09.2026 12:45;17.09.2026 15:45;17.09.2026 13:45;Сокольники;Москва, Русаковская ул., д. 62;ОАО «Гаврилов Зиновьева»;Марина Борисовна Михеева;Установить дополнительную ТВ-приставку и показать клиенту основные функции. Позвонить за 30 минут до приезда.
MSK-20260917-00223;Локальная заявка;Настройка Wi-Fi;17.09.2026 13:15;17.09.2026 15:15;17.09.2026 14:15;Даниловский;Москва, Дубининская ул., д. 64;Сысоев Групп;Поликарп Брониславович Мартынов;"Слабый сигнал в дальней комнате; подобрать канал и проверить покрытие. Ключ от технического помещения у администратора."
MSK-20260917-00284;Локальная заявка;Настройка Wi-Fi;17.09.2026 14:30;17.09.2026 16:50;17.09.2026 15:30;Пресненский;Москва, Красная Пресня, д. 12;Исаев Андроник Матвеевич;Исаев Андроник Матвеевич;"Слабый сигнал в дальней комнате; подобрать канал и проверить покрытие. Доступ согласован с клиентом."
MSK-20260917-00498;Локальная заявка;Восстановление IPTV;17.09.2026 11:00;17.09.2026 13:00;17.09.2026 12:00;Тверской;Москва, Новослободская ул., д. 85;Мечислав Давыдович Копылов;Мечислав Давыдович Копылов;"Изображение зависает; проверить приставку и параметры подключения. Ключ от технического помещения у администратора."
MSK-20260917-00253;Дозаказ;Доставка и установка приставки;17.09.2026 14:45;17.09.2026 17:10;17.09.2026 15:45;Басманный;Москва, Спартаковская ул., д. 62;НПО «Мартынова-Комаров»;Зосима Абрамович Захаров;Установить дополнительную ТВ-приставку и показать клиенту основные функции. Ключ от технического помещения у администратора.
MSK-20260917-00446;Локальная заявка;Замена абонентского роутера;17.09.2026 10:00;17.09.2026 13:00;17.09.2026 11:00;Басманный;Москва, Бакунинская ул., д. 15;ООО «Харитонов»;Елена Эльдаровна Дмитриева;"Роутер перезагружается под нагрузкой; доставить замену и перенести настройки. Доступ согласован с клиентом."
MSK-20260917-00222;Локальная заявка;Восстановление IPTV;17.09.2026 16:45;17.09.2026 18:05;17.09.2026 17:45;Тверской;Москва, Лесная ул., д. 16;БМВ Русланд Трейдинг (BMW);Агафонов Зосима Евстигнеевич;"Изображение зависает; проверить приставку и параметры подключения. Позвонить за 30 минут до приезда."
MSK-20260917-00499;Локальная заявка;Замена абонентского роутера;17.09.2026 12:30;17.09.2026 14:45;17.09.2026 13:30;Марьина Роща;Москва, Октябрьская ул., д. 7;Тарас Валерианович Кошелев;Тарас Валерианович Кошелев;"Роутер перезагружается под нагрузкой; доставить замену и перенести настройки. Доступ согласован с клиентом."
MSK-20260917-00231;Локальная заявка;Восстановление IPTV;17.09.2026 13:15;17.09.2026 16:15;17.09.2026 14:15;Лефортово;Москва, Авиамоторная ул., д. 1;РАО «Ермаков, Копылова и Воробьев»;Козлов Станимир Фадеевич;"Изображение зависает; проверить приставку и параметры подключения. Доступ согласован с клиентом."
MSK-20260917-00316;Локальная заявка;Диагностика интернет-соединения;17.09.2026 11:30;17.09.2026 14:30;17.09.2026 12:30;Лефортово;Москва, Солдатская ул., д. 102;ИП «Филиппова Тетерина»;Панов Ефрем Игнатович;"Периодически пропадает соединение; проверить линию и уровень сигнала. Доступ согласован с клиентом."
MSK-20260917-00042;Локальная заявка;Восстановление IPTV;17.09.2026 11:45;17.09.2026 15:45;17.09.2026 12:45;Сокольники;Москва, Стромынка, д. 72;Кузьмин Борис Аверьянович;Кузьмин Борис Аверьянович;"Изображение зависает; проверить приставку и параметры подключения. Позвонить за 30 минут до приезда."
MSK-20260917-00136;Подключение;Подключение офиса;17.09.2026 09:45;17.09.2026 11:45;17.09.2026 10:45;Пресненский;Москва, Красная Пресня, д. 27;Кулаков Андроник Антонович;Кулаков Андроник Антонович;Подключить офисный канал и проверить доступность сервисов заказчика. Позвонить за 30 минут до приезда.
MSK-20260917-00494;Глобальная проблема;Восстановление оптической линии;17.09.2026 10:00;17.09.2026 12:00;17.09.2026 10:30;Тверской;Москва, Новослободская ул., д. 94;Артемьев Тихон Евсеевич;Артемьев Тихон Евсеевич;"Потеря сигнала на оптическом участке; локализовать повреждение и восстановить линию. Позвонить за 30 минут до приезда."
MSK-20260917-00310;Локальная заявка;Диагностика интернет-соединения;17.09.2026 10:15;17.09.2026 13:15;17.09.2026 11:15;Лефортово;Москва, Красноказарменная ул., д. 14;Кузьма Тихонович Рыбаков;Кузьма Тихонович Рыбаков;"Периодически пропадает соединение; проверить линию и уровень сигнала. Позвонить за 30 минут до приезда."
MSK-20260917-00081;Локальная заявка;Диагностика интернет-соединения;17.09.2026 11:45;17.09.2026 14:45;17.09.2026 12:45;Даниловский;Москва, Люсиновская ул., д. 75;АО «Федорова-Вишняков»;Молчанова Милица Георгиевна;"Периодически пропадает соединение; проверить линию и уровень сигнала. Ключ от технического помещения у администратора."
MSK-20260917-00025;Локальная заявка;Диагностика интернет-соединения;17.09.2026 09:00;17.09.2026 13:00;17.09.2026 10:00;Тверской;Москва, Лесная ул., д. 40;ООО «Степанова-Логинова»;Степанова Марфа Юрьевна;"Периодически пропадает соединение; проверить линию и уровень сигнала. Ключ от технического помещения у администратора."
MSK-20260917-00166;Локальная заявка;Замена абонентского роутера;17.09.2026 11:45;17.09.2026 13:45;17.09.2026 12:45;Сокольники;Москва, Русаковская ул., д. 79;ООО «Юдина-Зуев»;Ковалев Всемил Измаилович;"Роутер перезагружается под нагрузкой; доставить замену и перенести настройки. Доступ согласован с клиентом."
MSK-20260917-00181;Глобальная проблема;Восстановление оптической линии;17.09.2026 13:45;17.09.2026 14:50;17.09.2026 14:15;Пресненский;Москва, Звенигородская ул., д. 77;Добромысл Устинович Шаров;Добромысл Устинович Шаров;"Потеря сигнала на оптическом участке; локализовать повреждение и восстановить линию. Доступ согласован с клиентом."
MSK-20260917-00151;Подключение;Подключение квартиры FTTB;17.09.2026 09:45;17.09.2026 12:45;17.09.2026 10:45;Сокольники;Москва, Сокольнический Вал, д. 85;Мефодий Димитриевич Зайцев;Мефодий Димитриевич Зайцев;"Новый абонент; выполнить подключение, настроить оборудование и оформить акт. Позвонить за 30 минут до приезда."
MSK-20260917-00187;Локальная заявка;Восстановление IPTV;17.09.2026 13:30;17.09.2026 15:30;17.09.2026 14:30;Даниловский;Москва, Люсиновская ул., д. 10;Новикова Майя Вячеславовна;Новикова Майя Вячеславовна;"Изображение зависает; проверить приставку и параметры подключения. Доступ согласован с клиентом."
MSK-20260917-00106;Подключение;Подключение офиса;17.09.2026 09:00;17.09.2026 13:00;17.09.2026 10:00;Пресненский;Москва, Звенигородская ул., д. 106;Эрнест Харлампьевич Крылов;Эрнест Харлампьевич Крылов;Подключить офисный канал и проверить доступность сервисов заказчика. Доступ согласован с клиентом.
MSK-20260917-00012;Локальная заявка;Восстановление IPTV;17.09.2026 10:45;17.09.2026 13:45;17.09.2026 11:45;Марьина Роща;Москва, Сущёвский Вал, д. 5;Шашкова Зинаида Афанасьевна;Шашкова Зинаида Афанасьевна;"Изображение зависает; проверить приставку и параметры подключения. Доступ согласован с клиентом."
MSK-20260917-00093;Локальная заявка;Восстановление IPTV;17.09.2026 13:15;17.09.2026 17:05;17.09.2026 14:15;Тверской;Москва, Тверская ул., д. 26;Евлампий Артемьевич Фролов;Евлампий Артемьевич Фролов;"Изображение зависает; проверить приставку и параметры подключения. Доступ согласован с клиентом."
MSK-20260917-00260;Локальная заявка;Диагностика интернет-соединения;17.09.2026 10:30;17.09.2026 12:30;17.09.2026 11:30;Пресненский;Москва, Красная Пресня, д. 32;Мефодий Валерьевич Уваров;Мефодий Валерьевич Уваров;"Периодически пропадает соединение; проверить линию и уровень сигнала. Позвонить за 30 минут до приезда."
MSK-20260917-00423;Подключение;Подключение квартиры FTTB;17.09.2026 09:30;17.09.2026 13:30;17.09.2026 10:30;Сокольники;Москва, Русаковская ул., д. 103;ЗАО «Назарова, Киселева и Савельева»;Одинцов Вячеслав Гавриилович;"Новый абонент; выполнить подключение, настроить оборудование и оформить акт. Позвонить за 30 минут до приезда."
MSK-20260917-00200;Подключение;Прокладка кабеля и подключение;17.09.2026 12:30;17.09.2026 15:10;17.09.2026 13:30;Тверской;Москва, Новослободская ул., д. 85;Мечислав Давыдович Копылов;Мечислав Давыдович Копылов;"Нужна прокладка кабеля до помещения; взять бухту кабеля и монтажный комплект. Ключ от технического помещения у администратора."
MSK-20260917-00003;Локальная заявка;Диагностика интернет-соединения;17.09.2026 16:30;17.09.2026 17:30;17.09.2026 17:30;Тверской;Москва, Лесная ул., д. 52;Федосеев Эраст Алексеевич;Федосеев Эраст Алексеевич;"Периодически пропадает соединение; проверить линию и уровень сигнала. Доступ согласован с клиентом."
MSK-20260917-00129;Локальная заявка;Настройка Wi-Fi;17.09.2026 10:15;17.09.2026 14:15;17.09.2026 11:15;Басманный;Москва, Спартаковская ул., д. 93;ЗАО «Селезнев, Русаков и Григорьев»;Глеб Евстигнеевич Мельников;"Слабый сигнал в дальней комнате; подобрать канал и проверить покрытие. Позвонить за 30 минут до приезда."
MSK-20260917-00142;Подключение;Подключение квартиры FTTB;17.09.2026 11:00;17.09.2026 13:00;17.09.2026 12:00;Даниловский;Москва, Люсиновская ул., д. 15;Лапин Никита Ерофеевич;Лапин Никита Ерофеевич;"Новый абонент; выполнить подключение, настроить оборудование и оформить акт. Доступ согласован с клиентом."
MSK-20260917-00486;Глобальная проблема;Замена коммутатора доступа;17.09.2026 08:45;17.09.2026 09:45;17.09.2026 09:15;Хамовники;Москва, Плющиха, д. 73;Третьяков Вацлав Эдгардович;Третьяков Вацлав Эдгардович;"Нет связи у группы абонентов; проверить питание и заменить коммутатор. Доступ согласован с клиентом."
MSK-20260917-00194;Подключение;Подключение офиса;17.09.2026 13:30;17.09.2026 15:30;17.09.2026 14:30;Сокольники;Москва, Русаковская ул., д. 112;Милица Михайловна Антонова;Милица Михайловна Антонова;Подключить офисный канал и проверить доступность сервисов заказчика. Ключ от технического помещения у администратора.
MSK-20260917-00413;Подключение;Подключение квартиры FTTB;17.09.2026 11:00;17.09.2026 14:20;17.09.2026 12:00;Марьина Роща;Москва, Сущёвский Вал, д. 67;Флорентин Фролович Авдеев;Флорентин Фролович Авдеев;"Новый абонент; выполнить подключение, настроить оборудование и оформить акт. Позвонить за 30 минут до приезда."
MSK-20260917-00297;Локальная заявка;Настройка Wi-Fi;17.09.2026 11:15;17.09.2026 14:15;17.09.2026 12:15;Марьина Роща;Москва, Октябрьская ул., д. 2;Мартын Дмитриевич Муравьев;Мартын Дмитриевич Муравьев;"Слабый сигнал в дальней комнате; подобрать канал и проверить покрытие. Позвонить за 30 минут до приезда."
MSK-20260917-00158;Глобальная проблема;Восстановление оптической линии;17.09.2026 12:30;17.09.2026 13:30;17.09.2026 13:00;Басманный;Москва, Спартаковская ул., д. 14;Митофан Филатович Матвеев;Митофан Филатович Матвеев;"Потеря сигнала на оптическом участке; локализовать повреждение и восстановить линию. Ключ от технического помещения у администратора."
MSK-20260917-00467;Глобальная проблема;Замена коммутатора доступа;17.09.2026 12:45;17.09.2026 14:15;17.09.2026 13:15;Даниловский;Москва, Дубининская ул., д. 2;Мишлен (Michelin);Владимирова Татьяна Леонидовна;"Нет связи у группы абонентов; проверить питание и заменить коммутатор. Позвонить за 30 минут до приезда."
MSK-20260917-00215;Локальная заявка;Диагностика интернет-соединения;17.09.2026 15:45;17.09.2026 17:00;17.09.2026 16:45;Хамовники;Москва, Плющиха, д. 105;Кошелева Фаина Богдановна;Кошелева Фаина Богдановна;"Периодически пропадает соединение; проверить линию и уровень сигнала. Позвонить за 30 минут до приезда."
MSK-20260917-00217;Глобальная проблема;Восстановление оптической линии;17.09.2026 12:45;17.09.2026 14:15;17.09.2026 13:15;Лефортово;Москва, Красноказарменная ул., д. 77;ЗАО «Боброва-Калинина»;Макар Георгиевич Родионов;"Потеря сигнала на оптическом участке; локализовать повреждение и восстановить линию. Ключ от технического помещения у администратора."
MSK-20260917-00155;Глобальная проблема;Замена коммутатора доступа;17.09.2026 11:45;17.09.2026 13:15;17.09.2026 12:15;Сокольники;Москва, Стромынка, д. 76;Татэнергосбыт;Тимофеев Трофим Иосифович;"Нет связи у группы абонентов; проверить питание и заменить коммутатор. Позвонить за 30 минут до приезда."
MSK-20260917-00479;Локальная заявка;Диагностика интернет-соединения;17.09.2026 13:15;17.09.2026 15:15;17.09.2026 14:15;Пресненский;Москва, Шмитовский проезд, д. 83;Ефрем Матвеевич Копылов;Ефрем Матвеевич Копылов;"Периодически пропадает соединение; проверить линию и уровень сигнала. Ключ от технического помещения у администратора."
MSK-20260917-00245;Локальная заявка;Настройка Wi-Fi;17.09.2026 14:30;17.09.2026 16:30;17.09.2026 15:30;Тверской;Москва, Тверская ул., д. 75;Лора Богдановна Ермакова;Лора Богдановна Ермакова;"Слабый сигнал в дальней комнате; подобрать канал и проверить покрытие. Позвонить за 30 минут до приезда."
MSK-20260917-00402;Подключение;Прокладка кабеля и подключение;17.09.2026 09:00;17.09.2026 11:00;17.09.2026 10:00;Лефортово;Москва, Красноказарменная ул., д. 23;Селиверст Ерофеевич Воронов;Селиверст Ерофеевич Воронов;"Нужна прокладка кабеля до помещения; взять бухту кабеля и монтажный комплект. Доступ согласован с клиентом."
MSK-20260917-00109;Локальная заявка;Диагностика интернет-соединения;17.09.2026 15:00;17.09.2026 16:30;17.09.2026 16:00;Тверской;Москва, Лесная ул., д. 3;Марина Матвеевна Кошелева;Марина Матвеевна Кошелева;"Периодически пропадает соединение; проверить линию и уровень сигнала. Позвонить за 30 минут до приезда."
MSK-20260917-00398;Локальная заявка;Диагностика интернет-соединения;17.09.2026 10:45;17.09.2026 12:45;17.09.2026 11:45;Сокольники;Москва, Стромынка, д. 39;Российские сети;Парамон Геннадиевич Соколов;"Периодически пропадает соединение; проверить линию и уровень сигнала. Ключ от технического помещения у администратора."
MSK-20260917-00218;Локальная заявка;Диагностика интернет-соединения;17.09.2026 12:45;17.09.2026 14:45;17.09.2026 13:45;Даниловский;Москва, Даниловский Вал, д. 82;ИП «Терентьев»;Сорокина Мария Григорьевна;"Периодически пропадает соединение; проверить линию и уровень сигнала. Позвонить за 30 минут до приезда."
MSK-20260917-00358;Подключение;Подключение офиса;17.09.2026 09:45;17.09.2026 13:45;17.09.2026 10:45;Басманный;Москва, Бауманская ул., д. 72;Варвара Александровна Некрасова;Варвара Александровна Некрасова;Подключить офисный канал и проверить доступность сервисов заказчика. Позвонить за 30 минут до приезда.
MSK-20260917-00256;Дозаказ;Доставка и установка приставки;17.09.2026 15:30;17.09.2026 18:10;17.09.2026 16:30;Сокольники;Москва, Русаковская ул., д. 44;Потапова Агата Ниловна;Потапова Агата Ниловна;Установить дополнительную ТВ-приставку и показать клиенту основные функции. Ключ от технического помещения у администратора.
MSK-20260917-00070;Глобальная проблема;Восстановление оптической линии;17.09.2026 11:00;17.09.2026 12:00;17.09.2026 11:30;Лефортово;Москва, Красноказарменная ул., д. 112;Леонтий Измаилович Петухов;Леонтий Измаилович Петухов;"Потеря сигнала на оптическом участке; локализовать повреждение и восстановить линию. Доступ согласован с клиентом."
MSK-20260917-00060;Подключение;Подключение офиса;17.09.2026 13:45;17.09.2026 15:30;17.09.2026 14:45;Пресненский;Москва, Шмитовский проезд, д. 16;Ия Аркадьевна Савельева;Ия Аркадьевна Савельева;Подключить офисный канал и проверить доступность сервисов заказчика. Доступ согласован с клиентом.
MSK-20260917-00100;Глобальная проблема;Восстановление оптической линии;17.09.2026 10:00;17.09.2026 11:30;17.09.2026 10:30;Марьина Роща;Москва, Октябрьская ул., д. 98;НПО «Семенов-Архипов»;Якушева Татьяна Николаевна;"Потеря сигнала на оптическом участке; локализовать повреждение и восстановить линию. Доступ согласован с клиентом."
MSK-20260917-00483;Локальная заявка;Настройка Wi-Fi;17.09.2026 09:15;17.09.2026 12:15;17.09.2026 10:15;Пресненский;Москва, Звенигородская ул., д. 29;ЗАО «Громова, Зайцев и Муравьев»;Мартын Авдеевич Кузьмин;"Слабый сигнал в дальней комнате; подобрать канал и проверить покрытие. Ключ от технического помещения у администратора."
MSK-20260917-00254;Локальная заявка;Диагностика интернет-соединения;17.09.2026 11:45;17.09.2026 14:45;17.09.2026 12:45;Марьина Роща;Москва, Октябрьская ул., д. 15;Вишнякова Нонна Юрьевна;Вишнякова Нонна Юрьевна;"Периодически пропадает соединение; проверить линию и уровень сигнала. Позвонить за 30 минут до приезда."
MSK-20260917-00459;Локальная заявка;Диагностика интернет-соединения;17.09.2026 08:30;17.09.2026 12:30;17.09.2026 09:30;Сокольники;Москва, Стромынка, д. 68;Светлана Валериевна Ковалева;Светлана Валериевна Ковалева;"Периодически пропадает соединение; проверить линию и уровень сигнала. Доступ согласован с клиентом."
MSK-20260917-00072;Локальная заявка;Настройка Wi-Fi;17.09.2026 09:15;17.09.2026 12:15;17.09.2026 10:15;Тверской;Москва, Тверская ул., д. 85;АО «Сидоров Прохоров»;Михайлова Светлана Игоревна;"Слабый сигнал в дальней комнате; подобрать канал и проверить покрытие. Ключ от технического помещения у администратора."
MSK-20260917-00458;Локальная заявка;Замена абонентского роутера;17.09.2026 09:45;17.09.2026 12:45;17.09.2026 10:45;Тверской;Москва, Новослободская ул., д. 9;Волков Силантий Федосеевич;Волков Силантий Федосеевич;"Роутер перезагружается под нагрузкой; доставить замену и перенести настройки. Ключ от технического помещения у администратора."
MSK-20260917-00068;Подключение;Подключение квартиры FTTB;17.09.2026 12:00;17.09.2026 16:00;17.09.2026 13:00;Лефортово;Москва, Красноказарменная ул., д. 94;Фомичева Пелагея Мироновна;Фомичева Пелагея Мироновна;"Новый абонент; выполнить подключение, настроить оборудование и оформить акт. Ключ от технического помещения у администратора."
MSK-20260917-00096;Локальная заявка;Настройка Wi-Fi;17.09.2026 11:00;17.09.2026 15:00;17.09.2026 12:00;Даниловский;Москва, Люсиновская ул., д. 23;Пелагея Львовна Блинова;Пелагея Львовна Блинова;"Слабый сигнал в дальней комнате; подобрать канал и проверить покрытие. Доступ согласован с клиентом."
MSK-20260917-00412;Подключение;Подключение квартиры FTTB;17.09.2026 14:15;17.09.2026 16:15;17.09.2026 15:15;Хамовники;Москва, Усачёва ул., д. 43;АО «Рогов Мамонтов»;Авдей Феодосьевич Кузьмин;"Новый абонент; выполнить подключение, настроить оборудование и оформить акт. Доступ согласован с клиентом."
MSK-20260917-00111;Локальная заявка;Замена абонентского роутера;17.09.2026 09:00;17.09.2026 12:00;17.09.2026 10:00;Пресненский;Москва, Звенигородская ул., д. 44;ООО «Архипова Игнатова»;Кулагин Платон Яковлевич;"Роутер перезагружается под нагрузкой; доставить замену и перенести настройки. Позвонить за 30 минут до приезда."
MSK-20260917-00206;Локальная заявка;Настройка Wi-Fi;17.09.2026 11:15;17.09.2026 15:15;17.09.2026 12:15;Хамовники;Москва, Плющиха, д. 16;Татьяна Валентиновна Куликова;Татьяна Валентиновна Куликова;"Слабый сигнал в дальней комнате; подобрать канал и проверить покрытие. Доступ согласован с клиентом."
MSK-20260917-00369;Подключение;Подключение квартиры FTTB;17.09.2026 11:15;17.09.2026 13:15;17.09.2026 12:15;Лефортово;Москва, Солдатская ул., д. 33;Оксана Николаевна Андреева;Оксана Николаевна Андреева;"Новый абонент; выполнить подключение, настроить оборудование и оформить акт. Позвонить за 30 минут до приезда."
MSK-20260917-00221;Локальная заявка;Восстановление IPTV;17.09.2026 14:00;17.09.2026 16:00;17.09.2026 15:00;Лефортово;Москва, Красноказарменная ул., д. 83;Дорофей Филиппович Артемьев;Дорофей Филиппович Артемьев;"Изображение зависает; проверить приставку и параметры подключения. Доступ согласован с клиентом."
MSK-20260917-00299;Локальная заявка;Диагностика интернет-соединения;17.09.2026 15:00;17.09.2026 17:00;17.09.2026 16:00;Лефортово;Москва, Красноказарменная ул., д. 103;Петрова Антонина Натановна;Петрова Антонина Натановна;"Периодически пропадает соединение; проверить линию и уровень сигнала. Доступ согласован с клиентом."
MSK-20260917-00365;Глобальная проблема;Замена коммутатора доступа;17.09.2026 13:15;17.09.2026 14:45;17.09.2026 13:45;Сокольники;Москва, Стромынка, д. 82;Носков Леонид Чеславович;Носков Леонид Чеславович;"Нет связи у группы абонентов; проверить питание и заменить коммутатор. Позвонить за 30 минут до приезда."
MSK-20260917-00197;Локальная заявка;Диагностика интернет-соединения;17.09.2026 15:30;17.09.2026 17:30;17.09.2026 16:30;Тверской;Москва, Лесная ул., д. 44;Конар;Ситников Адам Арсенович;"Периодически пропадает соединение; проверить линию и уровень сигнала. Позвонить за 30 минут до приезда."
MSK-20260917-00487;Локальная заявка;Замена абонентского роутера;17.09.2026 09:15;17.09.2026 13:15;17.09.2026 10:15;Хамовники;Москва, Усачёва ул., д. 84;Суворова Олимпиада Тарасовна;Суворова Олимпиада Тарасовна;"Роутер перезагружается под нагрузкой; доставить замену и перенести настройки. Позвонить за 30 минут до приезда."
MSK-20260917-00474;Локальная заявка;Диагностика интернет-соединения;17.09.2026 15:30;17.09.2026 17:00;17.09.2026 16:30;Тверской;Москва, Новослободская ул., д. 14;Захар Георгиевич Мухин;Захар Георгиевич Мухин;"Периодически пропадает соединение; проверить линию и уровень сигнала. Позвонить за 30 минут до приезда."
MSK-20260917-00014;Локальная заявка;Восстановление IPTV;17.09.2026 12:15;17.09.2026 16:15;17.09.2026 13:15;Марьина Роща;Москва, Сущёвский Вал, д. 5;Шашкова Зинаида Афанасьевна;Шашкова Зинаида Афанасьевна;"Изображение зависает; проверить приставку и параметры подключения. Позвонить за 30 минут до приезда."
MSK-20260917-00140;Локальная заявка;Настройка Wi-Fi;17.09.2026 13:00;17.09.2026 17:00;17.09.2026 14:00;Даниловский;Москва, Дубининская ул., д. 36;Громова Ирина Борисовна;Громова Ирина Борисовна;"Слабый сигнал в дальней комнате; подобрать канал и проверить покрытие. Доступ согласован с клиентом."
MSK-20260917-00127;Дозаказ;Доставка и установка приставки;17.09.2026 10:30;17.09.2026 12:30;17.09.2026 11:30;Лефортово;Москва, Авиамоторная ул., д. 3;Блинов Орест Ильич;Блинов Орест Ильич;Установить дополнительную ТВ-приставку и показать клиенту основные функции. Позвонить за 30 минут до приезда.
MSK-20260917-00179;Локальная заявка;Диагностика интернет-соединения;17.09.2026 13:45;17.09.2026 15:45;17.09.2026 14:45;Тверской;Москва, Новослободская ул., д. 2;Дмитриев Аверкий Федотович;Дмитриев Аверкий Федотович;"Периодически пропадает соединение; проверить линию и уровень сигнала. Доступ согласован с клиентом."
MSK-20260917-00285;Локальная заявка;Настройка Wi-Fi;17.09.2026 10:00;17.09.2026 13:00;17.09.2026 11:00;Лефортово;Москва, Авиамоторная ул., д. 91;Семенов Групп;Евдоким Феофанович Казаков;"Слабый сигнал в дальней комнате; подобрать канал и проверить покрытие. Доступ согласован с клиентом."
MSK-20260917-00024;Локальная заявка;Диагностика интернет-соединения;17.09.2026 11:00;17.09.2026 15:00;17.09.2026 12:00;Марьина Роща;Москва, Октябрьская ул., д. 98;НПО «Семенов-Архипов»;Якушева Татьяна Николаевна;"Периодически пропадает соединение; проверить линию и уровень сигнала. Ключ от технического помещения у администратора."
MSK-20260917-00013;Локальная заявка;Диагностика интернет-соединения;17.09.2026 14:30;17.09.2026 16:30;17.09.2026 15:30;Марьина Роща;Москва, Октябрьская ул., д. 98;НПО «Семенов-Архипов»;Якушева Татьяна Николаевна;"Периодически пропадает соединение; проверить линию и уровень сигнала. Ключ от технического помещения у администратора."
MSK-20260917-00311;Дозаказ;Доставка и установка приставки;17.09.2026 12:30;17.09.2026 14:30;17.09.2026 13:30;Сокольники;Москва, Сокольнический Вал, д. 26;ООО «Савельева Сафонов»;Роман Давидович Якушев;Установить дополнительную ТВ-приставку и показать клиенту основные функции. Позвонить за 30 минут до приезда.
MSK-20260917-00138;Подключение;Подключение квартиры FTTB;17.09.2026 11:30;17.09.2026 13:30;17.09.2026 12:30;Тверской;Москва, Новослободская ул., д. 39;ЗАО «Рыбакова Носов»;Шестакова Анастасия Натановна;"Новый абонент; выполнить подключение, настроить оборудование и оформить акт. Доступ согласован с клиентом."
MSK-20260917-00335;Подключение;Подключение квартиры FTTB;17.09.2026 11:00;17.09.2026 13:00;17.09.2026 12:00;Сокольники;Москва, Стромынка, д. 114;Зимин Софрон Германович;Зимин Софрон Германович;"Новый абонент; выполнить подключение, настроить оборудование и оформить акт. Позвонить за 30 минут до приезда."
MSK-20260917-00298;Локальная заявка;Диагностика интернет-соединения;17.09.2026 13:45;17.09.2026 16:45;17.09.2026 14:45;Басманный;Москва, Бауманская ул., д. 53;Ираклий Августович Некрасов;Ираклий Августович Некрасов;"Периодически пропадает соединение; проверить линию и уровень сигнала. Доступ согласован с клиентом."
MSK-20260917-00278;Подключение;Подключение офиса;17.09.2026 10:45;17.09.2026 12:45;17.09.2026 11:45;Хамовники;Москва, Усачёва ул., д. 43;АО «Рогов Мамонтов»;Авдей Феодосьевич Кузьмин;Подключить офисный канал и проверить доступность сервисов заказчика. Ключ от технического помещения у администратора.
MSK-20260917-00163;Подключение;Прокладка кабеля и подключение;17.09.2026 11:30;17.09.2026 14:30;17.09.2026 12:30;Басманный;Москва, Бакунинская ул., д. 31;Павлов Адам Давидович;Павлов Адам Давидович;"Нужна прокладка кабеля до помещения; взять бухту кабеля и монтажный комплект. Доступ согласован с клиентом."
MSK-20260917-00192;Глобальная проблема;Восстановление оптической линии;17.09.2026 12:00;17.09.2026 13:30;17.09.2026 12:30;Басманный;Москва, Спартаковская ул., д. 118;РАО «Фомичев Ершова»;Гурьева Агафья Александровна;"Потеря сигнала на оптическом участке; локализовать повреждение и восстановить линию. Доступ согласован с клиентом."
MSK-20260917-00029;Локальная заявка;Замена абонентского роутера;17.09.2026 12:45;17.09.2026 15:45;17.09.2026 13:45;Пресненский;Москва, Красная Пресня, д. 105;Центральная пригородная пассажирская компания;Большакова Виктория Оскаровна;"Роутер перезагружается под нагрузкой; доставить замену и перенести настройки. Ключ от технического помещения у администратора."
MSK-20260917-00386;Подключение;Прокладка кабеля и подключение;17.09.2026 09:45;17.09.2026 12:45;17.09.2026 10:45;Хамовники;Москва, Комсомольский проспект, д. 65;Анастасия Львовна Евсеева;Анастасия Львовна Евсеева;"Нужна прокладка кабеля до помещения; взять бухту кабеля и монтажный комплект. Позвонить за 30 минут до приезда."
MSK-20260917-00067;Локальная заявка;Замена абонентского роутера;17.09.2026 16:00;17.09.2026 17:15;17.09.2026 17:00;Тверской;Москва, Лесная ул., д. 40;ООО «Степанова-Логинова»;Степанова Марфа Юрьевна;"Роутер перезагружается под нагрузкой; доставить замену и перенести настройки. Доступ согласован с клиентом."
MSK-20260917-00497;Локальная заявка;Диагностика интернет-соединения;17.09.2026 09:15;17.09.2026 13:15;17.09.2026 10:15;Даниловский;Москва, Даниловский Вал, д. 8;ООО «Галкина, Кулаков и Бурова»;Пономарев Ипат Игнатович;"Периодически пропадает соединение; проверить линию и уровень сигнала. Позвонить за 30 минут до приезда."
MSK-20260917-00454;Локальная заявка;Настройка Wi-Fi;17.09.2026 11:00;17.09.2026 13:00;17.09.2026 12:00;Даниловский;Москва, Дубининская ул., д. 35;АО «Тихонов-Мамонтов»;Ирина Юрьевна Ковалева;"Слабый сигнал в дальней комнате; подобрать канал и проверить покрытие. Ключ от технического помещения у администратора."
MSK-20260917-00376;Локальная заявка;Замена абонентского роутера;17.09.2026 10:30;17.09.2026 13:30;17.09.2026 11:30;Тверской;Москва, Новослободская ул., д. 115;Макар Адамович Нестеров;Макар Адамович Нестеров;"Роутер перезагружается под нагрузкой; доставить замену и перенести настройки. Позвонить за 30 минут до приезда."
MSK-20260917-00209;Локальная заявка;Настройка Wi-Fi;17.09.2026 12:15;17.09.2026 14:15;17.09.2026 13:15;Пресненский;Москва, Красная Пресня, д. 97;АО «Ларионов Владимиров»;Терентьева Валентина Ниловна;"Слабый сигнал в дальней комнате; подобрать канал и проверить покрытие. Ключ от технического помещения у администратора."
MSK-20260917-00332;Локальная заявка;Настройка Wi-Fi;17.09.2026 10:15;17.09.2026 13:15;17.09.2026 11:15;Пресненский;Москва, Красная Пресня, д. 116;Форд Соллерс Холдинг;Екатерина Геннадьевна Тетерина;"Слабый сигнал в дальней комнате; подобрать канал и проверить покрытие. Доступ согласован с клиентом."
MSK-20260917-00409;Глобальная проблема;Замена коммутатора доступа;17.09.2026 09:00;17.09.2026 11:00;17.09.2026 09:30;Даниловский;Москва, Дубининская ул., д. 6;НПО «Гаврилов-Ильина»;Гостомысл Антонович Фролов;"Нет связи у группы абонентов; проверить питание и заменить коммутатор. Доступ согласован с клиентом."
MSK-20260917-00053;Подключение;Подключение квартиры FTTB;17.09.2026 09:15;17.09.2026 11:15;17.09.2026 10:15;Даниловский;Москва, Даниловский Вал, д. 107;ИП «Федорова, Мамонтова и Молчанова»;Гущина София Владиславовна;"Новый абонент; выполнить подключение, настроить оборудование и оформить акт. Доступ согласован с клиентом."
MSK-20260917-00038;Локальная заявка;Замена абонентского роутера;17.09.2026 11:30;17.09.2026 14:30;17.09.2026 12:30;Хамовники;Москва, Плющиха, д. 10;Мартынов Лев Трифонович;Мартынов Лев Трифонович;"Роутер перезагружается под нагрузкой; доставить замену и перенести настройки. Доступ согласован с клиентом."
MSK-20260917-00167;Локальная заявка;Замена абонентского роутера;17.09.2026 12:45;17.09.2026 14:45;17.09.2026 13:45;Лефортово;Москва, Авиамоторная ул., д. 44;Данилов Милен Денисович;Данилов Милен Денисович;"Роутер перезагружается под нагрузкой; доставить замену и перенести настройки. Позвонить за 30 минут до приезда."
MSK-20260917-00452;Локальная заявка;Настройка Wi-Fi;17.09.2026 11:15;17.09.2026 15:15;17.09.2026 12:15;Пресненский;Москва, Шмитовский проезд, д. 101;ИП «Федоров Громова»;Веселова Любовь Ниловна;"Слабый сигнал в дальней комнате; подобрать канал и проверить покрытие. Ключ от технического помещения у администратора."
MSK-20260917-00091;Подключение;Прокладка кабеля и подключение;17.09.2026 12:30;17.09.2026 15:30;17.09.2026 13:30;Тверской;Москва, Тверская ул., д. 48;Большакова Алевтина Андреевна;Большакова Алевтина Андреевна;"Нужна прокладка кабеля до помещения; взять бухту кабеля и монтажный комплект. Ключ от технического помещения у администратора."
MSK-20260917-00249;Локальная заявка;Диагностика интернет-соединения;17.09.2026 13:45;17.09.2026 16:45;17.09.2026 14:45;Даниловский;Москва, Дубининская ул., д. 49;Полина Наумовна Корнилова;Полина Наумовна Корнилова;"Периодически пропадает соединение; проверить линию и уровень сигнала. Доступ согласован с клиентом."
MSK-20260917-00212;Локальная заявка;Восстановление IPTV;17.09.2026 10:15;17.09.2026 13:15;17.09.2026 11:15;Марьина Роща;Москва, Сущёвский Вал, д. 93;Борислав Игнатьевич Белоусов;Борислав Игнатьевич Белоусов;"Изображение зависает; проверить приставку и параметры подключения. Ключ от технического помещения у администратора."
MSK-20260917-00008;Подключение;Прокладка кабеля и подключение;17.09.2026 10:45;17.09.2026 12:45;17.09.2026 11:45;Даниловский;Москва, Даниловский Вал, д. 107;ИП «Федорова, Мамонтова и Молчанова»;Гущина София Владиславовна;"Нужна прокладка кабеля до помещения; взять бухту кабеля и монтажный комплект. Ключ от технического помещения у администратора."
MSK-20260917-00041;Дозаказ;Доставка и установка приставки;17.09.2026 09:15;17.09.2026 11:15;17.09.2026 10:15;Басманный;Москва, Спартаковская ул., д. 89;ОАО «Коновалов, Комаров и Михайлов»;Анна Оскаровна Ширяева;Установить дополнительную ТВ-приставку и показать клиенту основные функции. Ключ от технического помещения у администратора.
MSK-20260917-00157;Локальная заявка;Диагностика интернет-соединения;17.09.2026 10:00;17.09.2026 14:00;17.09.2026 11:00;Пресненский;Москва, Звенигородская ул., д. 34;Антонин Фомич Степанов;Антонин Фомич Степанов;"Периодически пропадает соединение; проверить линию и уровень сигнала. Доступ согласован с клиентом."
MSK-20260917-00282;Подключение;Подключение квартиры FTTB;17.09.2026 10:00;17.09.2026 12:00;17.09.2026 11:00;Тверской;Москва, Новослободская ул., д. 24;Раиса Борисовна Карпова;Раиса Борисовна Карпова;"Новый абонент; выполнить подключение, настроить оборудование и оформить акт. Доступ согласован с клиентом."
MSK-20260917-00500;Локальная заявка;Настройка Wi-Fi;17.09.2026 15:30;17.09.2026 16:50;17.09.2026 16:30;Пресненский;Москва, Звенигородская ул., д. 29;ЗАО «Громова, Зайцев и Муравьев»;Мартын Авдеевич Кузьмин;"Слабый сигнал в дальней комнате; подобрать канал и проверить покрытие. Доступ согласован с клиентом."
MSK-20260917-00401;Локальная заявка;Настройка Wi-Fi;17.09.2026 15:00;17.09.2026 16:20;17.09.2026 16:00;Тверской;Москва, Новослободская ул., д. 43;Лидия Алексеевна Федорова;Лидия Алексеевна Федорова;"Слабый сигнал в дальней комнате; подобрать канал и проверить покрытие. Доступ согласован с клиентом."
MSK-20260917-00270;Локальная заявка;Диагностика интернет-соединения;17.09.2026 13:00;17.09.2026 16:00;17.09.2026 14:00;Басманный;Москва, Бауманская ул., д. 14;АО «Лихачева Терентьев»;Епифан Эдгарович Макаров;"Периодически пропадает соединение; проверить линию и уровень сигнала. Ключ от технического помещения у администратора."
MSK-20260917-00023;Глобальная проблема;Восстановление оптической линии;17.09.2026 14:00;17.09.2026 15:30;17.09.2026 14:30;Тверской;Москва, Новослободская ул., д. 58;Прохоров Лимитед;Никитин Измаил Даниилович;"Потеря сигнала на оптическом участке; локализовать повреждение и восстановить линию. Позвонить за 30 минут до приезда."
MSK-20260917-00357;Локальная заявка;Настройка Wi-Fi;17.09.2026 09:30;17.09.2026 11:30;17.09.2026 10:30;Басманный;Москва, Спартаковская ул., д. 29;Бурова Кира Григорьевна;Бурова Кира Григорьевна;"Слабый сигнал в дальней комнате; подобрать канал и проверить покрытие. Ключ от технического помещения у администратора."
MSK-20260917-00058;Глобальная проблема;Восстановление оптической линии;17.09.2026 14:15;17.09.2026 15:45;17.09.2026 14:45;Лефортово;Москва, Солдатская ул., д. 32;Вера Руслановна Киселева;Вера Руслановна Киселева;"Потеря сигнала на оптическом участке; локализовать повреждение и восстановить линию. Доступ согласован с клиентом."
MSK-20260917-00355;Локальная заявка;Диагностика интернет-соединения;17.09.2026 08:45;17.09.2026 11:45;17.09.2026 09:45;Басманный;Москва, Спартаковская ул., д. 106;Вишнякова Вероника Олеговна;Вишнякова Вероника Олеговна;"Периодически пропадает соединение; проверить линию и уровень сигнала. Ключ от технического помещения у администратора."
MSK-20260917-00170;Подключение;Подключение квартиры FTTB;17.09.2026 09:15;17.09.2026 13:15;17.09.2026 10:15;Басманный;Москва, Бакунинская ул., д. 34;Сорокина Людмила Игоревна;Сорокина Людмила Игоревна;"Новый абонент; выполнить подключение, настроить оборудование и оформить акт. Доступ согласован с клиентом."
MSK-20260917-00237;Подключение;Прокладка кабеля и подключение;17.09.2026 13:30;17.09.2026 15:10;17.09.2026 14:30;Тверской;Москва, Новослободская ул., д. 52;Никитин Степан Харитонович;Никитин Степан Харитонович;"Нужна прокладка кабеля до помещения; взять бухту кабеля и монтажный комплект. Ключ от технического помещения у администратора."
MSK-20260917-00333;Подключение;Подключение офиса;17.09.2026 15:15;17.09.2026 17:00;17.09.2026 16:15;Тверской;Москва, Тверская ул., д. 61;Аксенова Прасковья Георгиевна;Аксенова Прасковья Георгиевна;Подключить офисный канал и проверить доступность сервисов заказчика. Доступ согласован с клиентом.
MSK-20260917-00273;Локальная заявка;Восстановление IPTV;17.09.2026 11:00;17.09.2026 15:00;17.09.2026 12:00;Лефортово;Москва, Красноказарменная ул., д. 70;Григорьев Марк Ефремович;Григорьев Марк Ефремович;"Изображение зависает; проверить приставку и параметры подключения. Доступ согласован с клиентом."
MSK-20260917-00030;Локальная заявка;Восстановление IPTV;17.09.2026 11:15;17.09.2026 15:15;17.09.2026 12:15;Хамовники;Москва, Комсомольский проспект, д. 14;Григорьев Лтд;Баранов Виталий Аверьянович;"Изображение зависает; проверить приставку и параметры подключения. Позвонить за 30 минут до приезда."
MSK-20260917-00176;Дозаказ;Доставка и установка приставки;17.09.2026 09:30;17.09.2026 12:30;17.09.2026 10:30;Сокольники;Москва, Стромынка, д. 108;Кира Георгиевна Кулагина;Кира Георгиевна Кулагина;Установить дополнительную ТВ-приставку и показать клиенту основные функции. Ключ от технического помещения у администратора.
MSK-20260917-00010;Локальная заявка;Диагностика интернет-соединения;17.09.2026 11:30;17.09.2026 15:30;17.09.2026 12:30;Хамовники;Москва, Усачёва ул., д. 49;Эмилия Семеновна Фокина;Эмилия Семеновна Фокина;"Периодически пропадает соединение; проверить линию и уровень сигнала. Позвонить за 30 минут до приезда."
MSK-20260917-00101;Локальная заявка;Замена абонентского роутера;17.09.2026 10:00;17.09.2026 12:00;17.09.2026 11:00;Лефортово;Москва, Красноказарменная ул., д. 83;Дорофей Филиппович Артемьев;Дорофей Филиппович Артемьев;"Роутер перезагружается под нагрузкой; доставить замену и перенести настройки. Ключ от технического помещения у администратора."
MSK-20260917-00279;Подключение;Подключение квартиры FTTB;17.09.2026 12:45;17.09.2026 14:45;17.09.2026 13:45;Даниловский;Москва, Дубининская ул., д. 48;Аркадий Трофимович Субботин;Аркадий Трофимович Субботин;"Новый абонент; выполнить подключение, настроить оборудование и оформить акт. Ключ от технического помещения у администратора."
MSK-20260917-00468;Глобальная проблема;Замена коммутатора доступа;17.09.2026 10:00;17.09.2026 11:00;17.09.2026 10:30;Тверской;Москва, Тверская ул., д. 55;Панов Мина Даниилович;Панов Мина Даниилович;"Нет связи у группы абонентов; проверить питание и заменить коммутатор. Позвонить за 30 минут до приезда."
MSK-20260917-00251;Локальная заявка;Диагностика интернет-соединения;17.09.2026 13:45;17.09.2026 15:45;17.09.2026 14:45;Сокольники;Москва, Стромынка, д. 7;Ия Николаевна Соболева;Ия Николаевна Соболева;"Периодически пропадает соединение; проверить линию и уровень сигнала. Доступ согласован с клиентом."
MSK-20260917-00427;Локальная заявка;Диагностика интернет-соединения;17.09.2026 15:00;17.09.2026 17:00;17.09.2026 16:00;Даниловский;Москва, Дубининская ул., д. 105;Константинова Пелагея Архиповна;Константинова Пелагея Архиповна;"Периодически пропадает соединение; проверить линию и уровень сигнала. Ключ от технического помещения у администратора."
MSK-20260917-00319;Локальная заявка;Диагностика интернет-соединения;17.09.2026 14:30;17.09.2026 17:30;17.09.2026 15:30;Марьина Роща;Москва, Октябрьская ул., д. 81;Ефремов Галактион Артемьевич;Ефремов Галактион Артемьевич;"Периодически пропадает соединение; проверить линию и уровень сигнала. Ключ от технического помещения у администратора."
MSK-20260917-00439;Подключение;Подключение квартиры FTTB;17.09.2026 09:30;17.09.2026 13:30;17.09.2026 10:30;Басманный;Москва, Бауманская ул., д. 74;НПО «Архипова, Федотова и Федосеева»;Ираида Богдановна Чернова;"Новый абонент; выполнить подключение, настроить оборудование и оформить акт. Доступ согласован с клиентом."
MSK-20260917-00400;Подключение;Подключение квартиры FTTB;17.09.2026 13:45;17.09.2026 17:20;17.09.2026 14:45;Хамовники;Москва, Плющиха, д. 30;ИП «Дмитриев-Потапов»;Феврония Семеновна Мухина;"Новый абонент; выполнить подключение, настроить оборудование и оформить акт. Доступ согласован с клиентом."
MSK-20260917-00435;Глобальная проблема;Восстановление оптической линии;17.09.2026 10:00;17.09.2026 11:00;17.09.2026 10:30;Басманный;Москва, Спартаковская ул., д. 50;Газпром автоматизация;Кондратьева Зоя Ефимовна;"Потеря сигнала на оптическом участке; локализовать повреждение и восстановить линию. Доступ согласован с клиентом."
MSK-20260917-00152;Глобальная проблема;Восстановление оптической линии;17.09.2026 13:00;17.09.2026 14:00;17.09.2026 13:30;Пресненский;Москва, Звенигородская ул., д. 91;ОАО «Александров»;Лаврентьев Харлампий Феофанович;"Потеря сигнала на оптическом участке; локализовать повреждение и восстановить линию. Доступ согласован с клиентом."
MSK-20260917-00232;Локальная заявка;Диагностика интернет-соединения;17.09.2026 10:15;17.09.2026 12:15;17.09.2026 11:15;Тверской;Москва, Новослободская ул., д. 85;Мечислав Давыдович Копылов;Мечислав Давыдович Копылов;"Периодически пропадает соединение; проверить линию и уровень сигнала. Ключ от технического помещения у администратора."
MSK-20260917-00416;Подключение;Подключение квартиры FTTB;17.09.2026 14:15;17.09.2026 16:15;17.09.2026 15:15;Тверской;Москва, Тверская ул., д. 40;Щербакова Элеонора Алексеевна;Щербакова Элеонора Алексеевна;"Новый абонент; выполнить подключение, настроить оборудование и оформить акт. Доступ согласован с клиентом."
MSK-20260917-00099;Локальная заявка;Диагностика интернет-соединения;17.09.2026 11:30;17.09.2026 15:30;17.09.2026 12:30;Хамовники;Москва, Комсомольский проспект, д. 71;Лидия Юрьевна Бобылева;Лидия Юрьевна Бобылева;"Периодически пропадает соединение; проверить линию и уровень сигнала. Позвонить за 30 минут до приезда."
MSK-20260917-00466;Подключение;Подключение квартиры FTTB;17.09.2026 09:45;17.09.2026 11:45;17.09.2026 10:45;Сокольники;Москва, Русаковская ул., д. 1;ЗАО «Третьякова Третьякова»;Третьяков Демид Виленович;"Новый абонент; выполнить подключение, настроить оборудование и оформить акт. Ключ от технического помещения у администратора."
MSK-20260917-00484;Глобальная проблема;Замена коммутатора доступа;17.09.2026 15:00;17.09.2026 16:00;17.09.2026 15:30;Лефортово;Москва, Красноказарменная ул., д. 23;Селиверст Ерофеевич Воронов;Селиверст Ерофеевич Воронов;"Нет связи у группы абонентов; проверить питание и заменить коммутатор. Ключ от технического помещения у администратора."
MSK-20260917-00421;Локальная заявка;Диагностика интернет-соединения;17.09.2026 15:00;17.09.2026 17:00;17.09.2026 16:00;Сокольники;Москва, Стромынка, д. 76;Татэнергосбыт;Тимофеев Трофим Иосифович;"Периодически пропадает соединение; проверить линию и уровень сигнала. Доступ согласован с клиентом."
MSK-20260917-00243;Глобальная проблема;Восстановление оптической линии;17.09.2026 09:45;17.09.2026 11:15;17.09.2026 10:15;Пресненский;Москва, Звенигородская ул., д. 86;Горбачев Всеслав Абрамович;Горбачев Всеслав Абрамович;"Потеря сигнала на оптическом участке; локализовать повреждение и восстановить линию. Доступ согласован с клиентом."
MSK-20260917-00433;Локальная заявка;Замена абонентского роутера;17.09.2026 13:00;17.09.2026 15:00;17.09.2026 14:00;Пресненский;Москва, Звенигородская ул., д. 84;Зинаида Афанасьевна Бирюкова;Зинаида Афанасьевна Бирюкова;"Роутер перезагружается под нагрузкой; доставить замену и перенести настройки. Позвонить за 30 минут до приезда."
MSK-20260917-00022;Подключение;Подключение квартиры FTTB;17.09.2026 10:30;17.09.2026 14:30;17.09.2026 11:30;Пресненский;Москва, Красная Пресня, д. 38;ИП «Казаков Зайцев»;Евдокимов Захар Артёмович;"Новый абонент; выполнить подключение, настроить оборудование и оформить акт. Позвонить за 30 минут до приезда."
MSK-20260917-00087;Локальная заявка;Диагностика интернет-соединения;17.09.2026 09:30;17.09.2026 13:30;17.09.2026 10:30;Тверской;Москва, Тверская ул., д. 8;Вацлав Тимурович Куликов;Вацлав Тимурович Куликов;"Периодически пропадает соединение; проверить линию и уровень сигнала. Позвонить за 30 минут до приезда."
MSK-20260917-00115;Подключение;Подключение квартиры FTTB;17.09.2026 11:45;17.09.2026 13:45;17.09.2026 12:45;Даниловский;Москва, Даниловский Вал, д. 77;ООО «Кузьмина»;Гурий Фёдорович Колобов;"Новый абонент; выполнить подключение, настроить оборудование и оформить акт. Доступ согласован с клиентом."
MSK-20260917-00405;Локальная заявка;Восстановление IPTV;17.09.2026 09:00;17.09.2026 11:00;17.09.2026 10:00;Лефортово;Москва, Солдатская ул., д. 115;Захаров Вячеслав Иосипович;Захаров Вячеслав Иосипович;"Изображение зависает; проверить приставку и параметры подключения. Доступ согласован с клиентом."
MSK-20260917-00040;Локальная заявка;Диагностика интернет-соединения;17.09.2026 09:15;17.09.2026 12:15;17.09.2026 10:15;Сокольники;Москва, Стромынка, д. 72;Кузьмин Борис Аверьянович;Кузьмин Борис Аверьянович;"Периодически пропадает соединение; проверить линию и уровень сигнала. Ключ от технического помещения у администратора."
MSK-20260917-00162;Локальная заявка;Настройка Wi-Fi;17.09.2026 13:00;17.09.2026 15:50;17.09.2026 14:00;Сокольники;Москва, Стромынка, д. 72;Кузьмин Борис Аверьянович;Кузьмин Борис Аверьянович;"Слабый сигнал в дальней комнате; подобрать канал и проверить покрытие. Позвонить за 30 минут до приезда."
MSK-20260917-00224;Дозаказ;Доставка и установка приставки;17.09.2026 13:00;17.09.2026 17:00;17.09.2026 14:00;Тверской;Москва, Новослободская ул., д. 30;Нонна Тарасовна Дементьева;Нонна Тарасовна Дементьева;Установить дополнительную ТВ-приставку и показать клиенту основные функции. Доступ согласован с клиентом.
MSK-20260917-00340;Локальная заявка;Восстановление IPTV;17.09.2026 09:15;17.09.2026 12:15;17.09.2026 10:15;Даниловский;Москва, Дубининская ул., д. 62;ИП «Филиппов-Соболева»;Евсеев Ефим Валентинович;"Изображение зависает; проверить приставку и параметры подключения. Позвонить за 30 минут до приезда."
MSK-20260917-00348;Глобальная проблема;Замена коммутатора доступа;17.09.2026 09:45;17.09.2026 11:45;17.09.2026 10:15;Пресненский;Москва, Звенигородская ул., д. 62;Елисеева Феврония Павловна;Елисеева Феврония Павловна;"Нет связи у группы абонентов; проверить питание и заменить коммутатор. Доступ согласован с клиентом."
MSK-20260917-00255;Дозаказ;Доставка и установка приставки;17.09.2026 09:30;17.09.2026 13:30;17.09.2026 10:30;Тверской;Москва, Тверская ул., д. 112;Нонна Павловна Горбунова;Нонна Павловна Горбунова;Установить дополнительную ТВ-приставку и показать клиенту основные функции. Ключ от технического помещения у администратора.
MSK-20260917-00043;Локальная заявка;Диагностика интернет-соединения;17.09.2026 13:30;17.09.2026 15:30;17.09.2026 14:30;Тверской;Москва, Новослободская ул., д. 52;Никитин Степан Харитонович;Никитин Степан Харитонович;"Периодически пропадает соединение; проверить линию и уровень сигнала. Доступ согласован с клиентом."
MSK-20260917-00171;Подключение;Подключение офиса;17.09.2026 12:00;17.09.2026 15:00;17.09.2026 13:00;Сокольники;Москва, Стромынка, д. 90;НПО «Князев, Копылов и Котов»;Валентина Рудольфовна Филиппова;Подключить офисный канал и проверить доступность сервисов заказчика. Ключ от технического помещения у администратора.
MSK-20260917-00380;Подключение;Подключение офиса;17.09.2026 14:30;17.09.2026 15:30;17.09.2026 15:30;Даниловский;Москва, Люсиновская ул., д. 53;Анна Ниловна Уварова;Анна Ниловна Уварова;Подключить офисный канал и проверить доступность сервисов заказчика. Ключ от технического помещения у администратора.
MSK-20260917-00383;Локальная заявка;Настройка Wi-Fi;17.09.2026 15:45;17.09.2026 16:50;17.09.2026 16:45;Басманный;Москва, Спартаковская ул., д. 40;Ферапонт Харламович Харитонов;Ферапонт Харламович Харитонов;"Слабый сигнал в дальней комнате; подобрать канал и проверить покрытие. Доступ согласован с клиентом."
MSK-20260917-00211;Локальная заявка;Диагностика интернет-соединения;17.09.2026 12:30;17.09.2026 15:30;17.09.2026 13:30;Хамовники;Москва, Плющиха, д. 5;Савватий Данилович Сергеев;Савватий Данилович Сергеев;"Периодически пропадает соединение; проверить линию и уровень сигнала. Доступ согласован с клиентом."
MSK-20260917-00445;Подключение;Подключение квартиры FTTB;17.09.2026 10:30;17.09.2026 14:30;17.09.2026 11:30;Лефортово;Москва, Красноказарменная ул., д. 111;Иванна Юрьевна Тихонова;Иванна Юрьевна Тихонова;"Новый абонент; выполнить подключение, настроить оборудование и оформить акт. Доступ согласован с клиентом."
MSK-20260917-00415;Подключение;Подключение офиса;17.09.2026 14:00;17.09.2026 16:00;17.09.2026 15:00;Пресненский;Москва, Красная Пресня, д. 72;ТМК;Лонгин Власович Шашков;Подключить офисный канал и проверить доступность сервисов заказчика. Ключ от технического помещения у администратора.
MSK-20260917-00391;Локальная заявка;Восстановление IPTV;17.09.2026 10:45;17.09.2026 13:45;17.09.2026 11:45;Даниловский;Москва, Люсиновская ул., д. 67;Панфилова Евдокия Сергеевна;Панфилова Евдокия Сергеевна;"Изображение зависает; проверить приставку и параметры подключения. Ключ от технического помещения у администратора."
MSK-20260917-00462;Подключение;Подключение квартиры FTTB;17.09.2026 12:30;17.09.2026 14:30;17.09.2026 13:30;Пресненский;Москва, Красная Пресня, д. 44;Фадеева Нонна Феликсовна;Фадеева Нонна Феликсовна;"Новый абонент; выполнить подключение, настроить оборудование и оформить акт. Позвонить за 30 минут до приезда."
MSK-20260917-00226;Локальная заявка;Настройка Wi-Fi;17.09.2026 13:15;17.09.2026 14:50;17.09.2026 14:15;Марьина Роща;Москва, Сущёвский Вал, д. 105;Вениамин Жоресович Савельев;Вениамин Жоресович Савельев;"Слабый сигнал в дальней комнате; подобрать канал и проверить покрытие. Доступ согласован с клиентом."
MSK-20260917-00314;Локальная заявка;Диагностика интернет-соединения;17.09.2026 09:30;17.09.2026 11:30;17.09.2026 10:30;Пресненский;Москва, Шмитовский проезд, д. 16;Ия Аркадьевна Савельева;Ия Аркадьевна Савельева;"Периодически пропадает соединение; проверить линию и уровень сигнала. Позвонить за 30 минут до приезда."
MSK-20260917-00113;Глобальная проблема;Восстановление оптической линии;17.09.2026 09:15;17.09.2026 10:45;17.09.2026 09:45;Пресненский;Москва, Звенигородская ул., д. 86;Горбачев Всеслав Абрамович;Горбачев Всеслав Абрамович;"Потеря сигнала на оптическом участке; локализовать повреждение и восстановить линию. Доступ согласован с клиентом."
MSK-20260917-00104;Локальная заявка;Настройка Wi-Fi;17.09.2026 15:15;17.09.2026 16:50;17.09.2026 16:15;Тверской;Москва, Тверская ул., д. 8;Вацлав Тимурович Куликов;Вацлав Тимурович Куликов;"Слабый сигнал в дальней комнате; подобрать канал и проверить покрытие. Позвонить за 30 минут до приезда."
MSK-20260917-00370;Локальная заявка;Настройка Wi-Fi;17.09.2026 13:00;17.09.2026 15:00;17.09.2026 14:00;Пресненский;Москва, Красная Пресня, д. 1;Варвара Константиновна Кулагина;Варвара Константиновна Кулагина;"Слабый сигнал в дальней комнате; подобрать канал и проверить покрытие. Доступ согласован с клиентом."
MSK-20260917-00482;Локальная заявка;Настройка Wi-Fi;17.09.2026 10:30;17.09.2026 14:30;17.09.2026 11:30;Хамовники;Москва, Плющиха, д. 96;Моисеева Светлана Никифоровна;Моисеева Светлана Никифоровна;"Слабый сигнал в дальней комнате; подобрать канал и проверить покрытие. Ключ от технического помещения у администратора."
MSK-20260917-00367;Подключение;Подключение квартиры FTTB;17.09.2026 15:00;17.09.2026 16:20;17.09.2026 16:00;Тверской;Москва, Лесная ул., д. 106;РАО «Сафонова-Горшкова»;Брагина Валерия Артемовна;"Новый абонент; выполнить подключение, настроить оборудование и оформить акт. Доступ согласован с клиентом."
MSK-20260917-00455;Локальная заявка;Диагностика интернет-соединения;17.09.2026 13:15;17.09.2026 16:00;17.09.2026 14:15;Тверской;Москва, Новослободская ул., д. 68;Московский метрополитен;Петрова Кира Ефимовна;"Периодически пропадает соединение; проверить линию и уровень сигнала. Доступ согласован с клиентом."
MSK-20260917-00016;Локальная заявка;Диагностика интернет-соединения;17.09.2026 11:45;17.09.2026 15:45;17.09.2026 12:45;Лефортово;Москва, Красноказарменная ул., д. 94;Фомичева Пелагея Мироновна;Фомичева Пелагея Мироновна;"Периодически пропадает соединение; проверить линию и уровень сигнала. Доступ согласован с клиентом."
MSK-20260917-00425;Дозаказ;Доставка и установка приставки;17.09.2026 17:00;17.09.2026 18:10;17.09.2026 18:00;Даниловский;Москва, Даниловский Вал, д. 50;Иванна Евгеньевна Новикова;Иванна Евгеньевна Новикова;Установить дополнительную ТВ-приставку и показать клиенту основные функции. Доступ согласован с клиентом.
MSK-20260917-00117;Локальная заявка;Диагностика интернет-соединения;17.09.2026 12:45;17.09.2026 15:45;17.09.2026 13:45;Даниловский;Москва, Люсиновская ул., д. 15;Лапин Никита Ерофеевич;Лапин Никита Ерофеевич;"Периодически пропадает соединение; проверить линию и уровень сигнала. Ключ от технического помещения у администратора."
MSK-20260917-00150;Подключение;Подключение квартиры FTTB;17.09.2026 14:15;17.09.2026 15:50;17.09.2026 15:15;Тверской;Москва, Новослободская ул., д. 120;Соколов и партнеры;Пономарева Людмила Рубеновна;"Новый абонент; выполнить подключение, настроить оборудование и оформить акт. Доступ согласован с клиентом."
MSK-20260917-00229;Локальная заявка;Диагностика интернет-соединения;17.09.2026 13:45;17.09.2026 16:30;17.09.2026 14:45;Тверской;Москва, Тверская ул., д. 63;Арефий Елизарович Кабанов;Арефий Елизарович Кабанов;"Периодически пропадает соединение; проверить линию и уровень сигнала. Доступ согласован с клиентом."
MSK-20260917-00263;Локальная заявка;Диагностика интернет-соединения;17.09.2026 09:15;17.09.2026 12:15;17.09.2026 10:15;Басманный;Москва, Бауманская ул., д. 91;Матвеев Филарет Иосифович;Матвеев Филарет Иосифович;"Периодически пропадает соединение; проверить линию и уровень сигнала. Доступ согласован с клиентом."
MSK-20260917-00266;Подключение;Подключение квартиры FTTB;17.09.2026 14:30;17.09.2026 16:20;17.09.2026 15:30;Хамовники;Москва, Усачёва ул., д. 113;Якуб Исидорович Сорокин;Якуб Исидорович Сорокин;"Новый абонент; выполнить подключение, настроить оборудование и оформить акт. Позвонить за 30 минут до приезда."
MSK-20260917-00094;Подключение;Подключение квартиры FTTB;17.09.2026 13:30;17.09.2026 15:30;17.09.2026 14:30;Хамовники;Москва, Плющиха, д. 79;Маркова Зинаида Дмитриевна;Маркова Зинаида Дмитриевна;"Новый абонент; выполнить подключение, настроить оборудование и оформить акт. Доступ согласован с клиентом."
MSK-20260917-00203;Подключение;Подключение квартиры FTTB;17.09.2026 13:45;17.09.2026 16:20;17.09.2026 14:45;Сокольники;Москва, Русаковская ул., д. 57;Мамонтова Эмилия Тимуровна;Мамонтова Эмилия Тимуровна;"Новый абонент; выполнить подключение, настроить оборудование и оформить акт. Доступ согласован с клиентом."
MSK-20260917-00292;Дозаказ;Доставка и установка приставки;17.09.2026 08:45;17.09.2026 10:45;17.09.2026 09:45;Хамовники;Москва, Плющиха, д. 62;Михаил Фролович Калашников;Михаил Фролович Калашников;Установить дополнительную ТВ-приставку и показать клиенту основные функции. Доступ согласован с клиентом.
MSK-20260917-00186;Локальная заявка;Восстановление IPTV;17.09.2026 12:30;17.09.2026 15:35;17.09.2026 13:30;Хамовники;Москва, Комсомольский проспект, д. 87;Александрова Лимитед;Кондратий Анатольевич Федоров;"Изображение зависает; проверить приставку и параметры подключения. Позвонить за 30 минут до приезда."
MSK-20260917-00133;Подключение;Подключение квартиры FTTB;17.09.2026 13:00;17.09.2026 16:20;17.09.2026 14:00;Басманный;Москва, Бакунинская ул., д. 104;Галина Альбертовна Яковлева;Галина Альбертовна Яковлева;"Новый абонент; выполнить подключение, настроить оборудование и оформить акт. Позвонить за 30 минут до приезда."
MSK-20260917-00123;Локальная заявка;Замена абонентского роутера;17.09.2026 12:00;17.09.2026 15:00;17.09.2026 13:00;Тверской;Москва, Новослободская ул., д. 2;Дмитриев Аверкий Федотович;Дмитриев Аверкий Федотович;"Роутер перезагружается под нагрузкой; доставить замену и перенести настройки. Ключ от технического помещения у администратора."
MSK-20260917-00190;Глобальная проблема;Восстановление оптической линии;17.09.2026 12:00;17.09.2026 14:00;17.09.2026 12:30;Басманный;Москва, Спартаковская ул., д. 63;Пахомова Агафья Святославовна;Пахомова Агафья Святославовна;"Потеря сигнала на оптическом участке; локализовать повреждение и восстановить линию. Ключ от технического помещения у администратора."
MSK-20260917-00177;Подключение;Прокладка кабеля и подключение;17.09.2026 12:15;17.09.2026 13:40;17.09.2026 13:15;Марьина Роща;Москва, Сущёвский Вал, д. 112;Дементьева Лтд;Тамара Матвеевна Дмитриева;"Нужна прокладка кабеля до помещения; взять бухту кабеля и монтажный комплект. Ключ от технического помещения у администратора."
MSK-20260917-00496;Дозаказ;Доставка и установка приставки;17.09.2026 12:15;17.09.2026 15:10;17.09.2026 13:15;Марьина Роща;Москва, Октябрьская ул., д. 70;ЗАО «Мухин-Фокина»;Митофан Теймуразович Харитонов;Установить дополнительную ТВ-приставку и показать клиенту основные функции. Позвонить за 30 минут до приезда.
MSK-20260917-00083;Локальная заявка;Диагностика интернет-соединения;17.09.2026 12:45;17.09.2026 14:45;17.09.2026 13:45;Марьина Роща;Москва, Октябрьская ул., д. 81;Ефремов Галактион Артемьевич;Ефремов Галактион Артемьевич;"Периодически пропадает соединение; проверить линию и уровень сигнала. Позвонить за 30 минут до приезда."
MSK-20260917-00147;Локальная заявка;Замена абонентского роутера;17.09.2026 12:00;17.09.2026 15:00;17.09.2026 13:00;Даниловский;Москва, Даниловский Вал, д. 56;ЗАО «Моисеев»;Анжела Станиславовна Дорофеева;"Роутер перезагружается под нагрузкой; доставить замену и перенести настройки. Позвонить за 30 минут до приезда."
MSK-20260917-00164;Локальная заявка;Диагностика интернет-соединения;17.09.2026 11:00;17.09.2026 13:00;17.09.2026 12:00;Даниловский;Москва, Даниловский Вал, д. 39;Корнил Ильясович Мясников;Корнил Ильясович Мясников;"Периодически пропадает соединение; проверить линию и уровень сигнала. Ключ от технического помещения у администратора."
MSK-20260917-00320;Локальная заявка;Диагностика интернет-соединения;17.09.2026 14:30;17.09.2026 16:00;17.09.2026 15:30;Пресненский;Москва, Звенигородская ул., д. 69;ИП «Пахомов»;Медведев Владимир Валентинович;"Периодически пропадает соединение; проверить линию и уровень сигнала. Доступ согласован с клиентом."
MSK-20260917-00307;Локальная заявка;Настройка Wi-Fi;17.09.2026 09:15;17.09.2026 11:15;17.09.2026 10:15;Лефортово;Москва, Авиамоторная ул., д. 91;Семенов Групп;Евдоким Феофанович Казаков;"Слабый сигнал в дальней комнате; подобрать канал и проверить покрытие. Ключ от технического помещения у администратора."
MSK-20260917-00259;Локальная заявка;Диагностика интернет-соединения;17.09.2026 11:30;17.09.2026 14:30;17.09.2026 12:30;Даниловский;Москва, Даниловский Вал, д. 69;Терентий Юльевич Сергеев;Терентий Юльевич Сергеев;"Периодически пропадает соединение; проверить линию и уровень сигнала. Позвонить за 30 минут до приезда."
MSK-20260917-00389;Локальная заявка;Диагностика интернет-соединения;17.09.2026 14:45;17.09.2026 16:45;17.09.2026 15:45;Пресненский;Москва, Красная Пресня, д. 27;Кулаков Андроник Антонович;Кулаков Андроник Антонович;"Периодически пропадает соединение; проверить линию и уровень сигнала. Позвонить за 30 минут до приезда."
MSK-20260917-00228;Подключение;Подключение квартиры FTTB;17.09.2026 12:30;17.09.2026 14:30;17.09.2026 13:30;Басманный;Москва, Спартаковская ул., д. 110;Куликова Валентина Ефимовна;Куликова Валентина Ефимовна;"Новый абонент; выполнить подключение, настроить оборудование и оформить акт. Позвонить за 30 минут до приезда."
MSK-20260917-00399;Глобальная проблема;Замена коммутатора доступа;17.09.2026 13:15;17.09.2026 14:45;17.09.2026 13:45;Пресненский;Москва, Красная Пресня, д. 18;Шарапов Лаврентий Якубович;Шарапов Лаврентий Якубович;"Нет связи у группы абонентов; проверить питание и заменить коммутатор. Позвонить за 30 минут до приезда."
MSK-20260917-00431;Локальная заявка;Диагностика интернет-соединения;17.09.2026 10:30;17.09.2026 14:30;17.09.2026 11:30;Даниловский;Москва, Люсиновская ул., д. 106;Алексей Гаврилович Данилов;Алексей Гаврилович Данилов;"Периодически пропадает соединение; проверить линию и уровень сигнала. Ключ от технического помещения у администратора."
MSK-20260917-00031;Подключение;Подключение квартиры FTTB;17.09.2026 14:00;17.09.2026 15:50;17.09.2026 15:00;Басманный;Москва, Спартаковская ул., д. 4;Исаева Фёкла Георгиевна;Исаева Фёкла Георгиевна;"Новый абонент; выполнить подключение, настроить оборудование и оформить акт. Ключ от технического помещения у администратора."
MSK-20260917-00132;Локальная заявка;Настройка Wi-Fi;17.09.2026 15:00;17.09.2026 17:20;17.09.2026 16:00;Марьина Роща;Москва, Октябрьская ул., д. 81;Ефремов Галактион Артемьевич;Ефремов Галактион Артемьевич;"Слабый сигнал в дальней комнате; подобрать канал и проверить покрытие. Ключ от технического помещения у администратора."
MSK-20260917-00346;Подключение;Подключение офиса;17.09.2026 09:45;17.09.2026 11:45;17.09.2026 10:45;Басманный;Москва, Спартаковская ул., д. 28;ОАО «Сергеева-Цветков»;Горшкова Ирина Эльдаровна;Подключить офисный канал и проверить доступность сервисов заказчика. Позвонить за 30 минут до приезда.
MSK-20260917-00235;Дозаказ;Доставка и установка приставки;17.09.2026 13:00;17.09.2026 15:10;17.09.2026 14:00;Лефортово;Москва, Авиамоторная ул., д. 32;Лихачев Прохор Яковлевич;Лихачев Прохор Яковлевич;Установить дополнительную ТВ-приставку и показать клиенту основные функции. Доступ согласован с клиентом.
MSK-20260917-00344;Локальная заявка;Восстановление IPTV;17.09.2026 12:00;17.09.2026 16:00;17.09.2026 13:00;Хамовники;Москва, Комсомольский проспект, д. 96;Егоров Дмитрий Васильевич;Егоров Дмитрий Васильевич;"Изображение зависает; проверить приставку и параметры подключения. Ключ от технического помещения у администратора."
MSK-20260917-00018;Локальная заявка;Настройка Wi-Fi;17.09.2026 14:00;17.09.2026 15:50;17.09.2026 15:00;Пресненский;Москва, Красная Пресня, д. 38;ИП «Казаков Зайцев»;Евдокимов Захар Артёмович;"Слабый сигнал в дальней комнате; подобрать канал и проверить покрытие. Доступ согласован с клиентом."
MSK-20260917-00362;Подключение;Подключение квартиры FTTB;17.09.2026 13:15;17.09.2026 15:15;17.09.2026 14:15;Хамовники;Москва, Комсомольский проспект, д. 72;Борис Власович Копылов;Борис Власович Копылов;"Новый абонент; выполнить подключение, настроить оборудование и оформить акт. Позвонить за 30 минут до приезда."
MSK-20260917-00057;Локальная заявка;Настройка Wi-Fi;17.09.2026 13:15;17.09.2026 16:50;17.09.2026 14:15;Басманный;Москва, Бауманская ул., д. 91;Матвеев Филарет Иосифович;Матвеев Филарет Иосифович;"Слабый сигнал в дальней комнате; подобрать канал и проверить покрытие. Позвонить за 30 минут до приезда."
MSK-20260917-00056;Локальная заявка;Настройка Wi-Fi;17.09.2026 14:30;17.09.2026 15:50;17.09.2026 15:30;Пресненский;Москва, Шмитовский проезд, д. 38;Казаков Никифор Яковлевич;Казаков Никифор Яковлевич;"Слабый сигнал в дальней комнате; подобрать канал и проверить покрытие. Доступ согласован с клиентом."
MSK-20260917-00258;Подключение;Подключение квартиры FTTB;17.09.2026 09:45;17.09.2026 13:45;17.09.2026 10:45;Пресненский;Москва, Красная Пресня, д. 1;Варвара Константиновна Кулагина;Варвара Константиновна Кулагина;"Новый абонент; выполнить подключение, настроить оборудование и оформить акт. Доступ согласован с клиентом."
MSK-20260917-00342;Локальная заявка;Настройка Wi-Fi;17.09.2026 12:00;17.09.2026 16:00;17.09.2026 13:00;Пресненский;Москва, Звенигородская ул., д. 92;Лидия Оскаровна Кондратьева;Лидия Оскаровна Кондратьева;"Слабый сигнал в дальней комнате; подобрать канал и проверить покрытие. Позвонить за 30 минут до приезда."
MSK-20260917-00241;Локальная заявка;Настройка Wi-Fi;17.09.2026 11:15;17.09.2026 13:15;17.09.2026 12:15;Лефортово;Москва, Солдатская ул., д. 25;Зыкова Групп;Кузьмина Полина Федоровна;"Слабый сигнал в дальней комнате; подобрать канал и проверить покрытие. Доступ согласован с клиентом."
MSK-20260917-00144;Локальная заявка;Диагностика интернет-соединения;17.09.2026 10:45;17.09.2026 14:45;17.09.2026 11:45;Хамовники;Москва, Плющиха, д. 39;Компания Трасса;Геннадий Ефимьевич Афанасьев;"Периодически пропадает соединение; проверить линию и уровень сигнала. Ключ от технического помещения у администратора."
MSK-20260917-00061;Глобальная проблема;Замена коммутатора доступа;17.09.2026 13:30;17.09.2026 15:30;17.09.2026 14:00;Даниловский;Москва, Даниловский Вал, д. 56;ЗАО «Моисеев»;Анжела Станиславовна Дорофеева;"Нет связи у группы абонентов; проверить питание и заменить коммутатор. Доступ согласован с клиентом."
MSK-20260917-00368;Дозаказ;Доставка и установка приставки;17.09.2026 11:15;17.09.2026 13:15;17.09.2026 12:15;Тверской;Москва, Новослободская ул., д. 73;ЗАО «Антонова, Князева и Тетерина»;Фролова Людмила Леоновна;Установить дополнительную ТВ-приставку и показать клиенту основные функции. Ключ от технического помещения у администратора.
MSK-20260917-00343;Локальная заявка;Диагностика интернет-соединения;17.09.2026 09:00;17.09.2026 13:00;17.09.2026 10:00;Басманный;Москва, Бауманская ул., д. 76;Бобылева Валентина Леонидовна;Бобылева Валентина Леонидовна;"Периодически пропадает соединение; проверить линию и уровень сигнала. Ключ от технического помещения у администратора."
MSK-20260917-00086;Локальная заявка;Замена абонентского роутера;17.09.2026 12:00;17.09.2026 16:00;17.09.2026 13:00;Басманный;Москва, Спартаковская ул., д. 48;Омега Групп;Гуляева Эмилия Викторовна;"Роутер перезагружается под нагрузкой; доставить замену и перенести настройки. Позвонить за 30 минут до приезда."
MSK-20260917-00337;Глобальная проблема;Замена коммутатора доступа;17.09.2026 12:15;17.09.2026 14:15;17.09.2026 12:45;Даниловский;Москва, Люсиновская ул., д. 106;Алексей Гаврилович Данилов;Алексей Гаврилович Данилов;"Нет связи у группы абонентов; проверить питание и заменить коммутатор. Доступ согласован с клиентом."
MSK-20260917-00397;Подключение;Подключение квартиры FTTB;17.09.2026 11:00;17.09.2026 14:00;17.09.2026 12:00;Басманный;Москва, Спартаковская ул., д. 110;Куликова Валентина Ефимовна;Куликова Валентина Ефимовна;"Новый абонент; выполнить подключение, настроить оборудование и оформить акт. Доступ согласован с клиентом."
MSK-20260917-00430;Подключение;Подключение офиса;17.09.2026 10:00;17.09.2026 12:00;17.09.2026 11:00;Марьина Роща;Москва, Октябрьская ул., д. 105;Зуев Осип Захарьевич;Зуев Осип Захарьевич;Подключить офисный канал и проверить доступность сервисов заказчика. Ключ от технического помещения у администратора.
MSK-20260917-00149;Глобальная проблема;Восстановление оптической линии;17.09.2026 09:30;17.09.2026 11:30;17.09.2026 10:00;Лефортово;Москва, Красноказарменная ул., д. 110;Боброва Нинель Леонидовна;Боброва Нинель Леонидовна;"Потеря сигнала на оптическом участке; локализовать повреждение и восстановить линию. Ключ от технического помещения у администратора."
MSK-20260917-00347;Глобальная проблема;Замена коммутатора доступа;17.09.2026 11:15;17.09.2026 13:15;17.09.2026 11:45;Пресненский;Москва, Звенигородская ул., д. 53;Одинцова Акулина Дмитриевна;Одинцова Акулина Дмитриевна;"Нет связи у группы абонентов; проверить питание и заменить коммутатор. Доступ согласован с клиентом."
MSK-20260917-00359;Локальная заявка;Замена абонентского роутера;17.09.2026 13:00;17.09.2026 15:00;17.09.2026 14:00;Пресненский;Москва, Шмитовский проезд, д. 1;Лора Борисовна Шилова;Лора Борисовна Шилова;"Роутер перезагружается под нагрузкой; доставить замену и перенести настройки. Ключ от технического помещения у администратора."
MSK-20260917-00128;Локальная заявка;Настройка Wi-Fi;17.09.2026 12:00;17.09.2026 15:00;17.09.2026 13:00;Басманный;Москва, Бауманская ул., д. 59;Нонна Геннадиевна Гущина;Нонна Геннадиевна Гущина;"Слабый сигнал в дальней комнате; подобрать канал и проверить покрытие. Доступ согласован с клиентом."
MSK-20260917-00180;Подключение;Подключение квартиры FTTB;17.09.2026 12:00;17.09.2026 15:50;17.09.2026 13:00;Тверской;Москва, Новослободская ул., д. 84;Крылова Глафира Святославовна;Крылова Глафира Святославовна;"Новый абонент; выполнить подключение, настроить оборудование и оформить акт. Доступ согласован с клиентом."
MSK-20260917-00199;Локальная заявка;Замена абонентского роутера;17.09.2026 09:30;17.09.2026 12:30;17.09.2026 10:30;Марьина Роща;Москва, Шереметьевская ул., д. 64;ОАО «Белозеров Белякова»;Молчанов Вацлав Филатович;"Роутер перезагружается под нагрузкой; доставить замену и перенести настройки. Ключ от технического помещения у администратора."
MSK-20260917-00143;Подключение;Подключение квартиры FTTB;17.09.2026 13:45;17.09.2026 16:20;17.09.2026 14:45;Даниловский;Москва, Люсиновская ул., д. 118;Компания Трасса;Болеслав Фомич Якушев;"Новый абонент; выполнить подключение, настроить оборудование и оформить акт. Доступ согласован с клиентом."
MSK-20260917-00326;Глобальная проблема;Восстановление оптической линии;17.09.2026 13:45;17.09.2026 14:45;17.09.2026 14:15;Хамовники;Москва, Комсомольский проспект, д. 49;Авеста Фармацевтика (Baby Dream);Игнатьев Зосима Гертрудович;"Потеря сигнала на оптическом участке; локализовать повреждение и восстановить линию. Ключ от технического помещения у администратора."
MSK-20260917-00102;Локальная заявка;Замена абонентского роутера;17.09.2026 15:15;17.09.2026 16:45;17.09.2026 16:15;Пресненский;Москва, Красная Пресня, д. 61;Потапова Евгения Юрьевна;Потапова Евгения Юрьевна;"Роутер перезагружается под нагрузкой; доставить замену и перенести настройки. Ключ от технического помещения у администратора."
MSK-20260917-00354;Глобальная проблема;Восстановление оптической линии;17.09.2026 09:00;17.09.2026 10:00;17.09.2026 09:30;Тверской;Москва, Новослободская ул., д. 26;Екатерина Кузьминична Фролова;Екатерина Кузьминична Фролова;"Потеря сигнала на оптическом участке; локализовать повреждение и восстановить линию. Доступ согласован с клиентом."
MSK-20260917-00165;Локальная заявка;Настройка Wi-Fi;17.09.2026 14:15;17.09.2026 16:15;17.09.2026 15:15;Даниловский;Москва, Люсиновская ул., д. 70;ЗАО «Исаков»;Романов Корнил Дмитриевич;"Слабый сигнал в дальней комнате; подобрать канал и проверить покрытие. Доступ согласован с клиентом."
MSK-20260917-00410;Подключение;Прокладка кабеля и подключение;17.09.2026 08:30;17.09.2026 10:30;17.09.2026 09:30;Тверской;Москва, Новослободская ул., д. 29;Веселова Елена Кузьминична;Веселова Елена Кузьминична;"Нужна прокладка кабеля до помещения; взять бухту кабеля и монтажный комплект. Позвонить за 30 минут до приезда."
MSK-20260917-00450;Подключение;Подключение квартиры FTTB;17.09.2026 12:45;17.09.2026 15:50;17.09.2026 13:45;Пресненский;Москва, Звенигородская ул., д. 102;Владислав Богданович Степанов;Владислав Богданович Степанов;"Новый абонент; выполнить подключение, настроить оборудование и оформить акт. Позвонить за 30 минут до приезда."
MSK-20260917-00036;Глобальная проблема;Замена коммутатора доступа;17.09.2026 08:30;17.09.2026 09:30;17.09.2026 09:00;Тверской;Москва, Тверская ул., д. 98;Нестерова Елена Игоревна;Нестерова Елена Игоревна;"Нет связи у группы абонентов; проверить питание и заменить коммутатор. Доступ согласован с клиентом."
MSK-20260917-00188;Подключение;Подключение квартиры FTTB;17.09.2026 10:30;17.09.2026 14:30;17.09.2026 11:30;Пресненский;Москва, Шмитовский проезд, д. 112;ИП «Щукина-Коновалова»;Ермил Иларионович Доронин;"Новый абонент; выполнить подключение, настроить оборудование и оформить акт. Ключ от технического помещения у администратора."
MSK-20260917-00233;Подключение;Подключение офиса;17.09.2026 15:00;17.09.2026 16:00;17.09.2026 16:00;Даниловский;Москва, Люсиновская ул., д. 76;Ершова Ксения Альбертовна;Ершова Ксения Альбертовна;Подключить офисный канал и проверить доступность сервисов заказчика. Ключ от технического помещения у администратора.
MSK-20260917-00275;Локальная заявка;Настройка Wi-Fi;17.09.2026 15:45;17.09.2026 16:50;17.09.2026 16:45;Тверской;Москва, Новослободская ул., д. 84;Крылова Глафира Святославовна;Крылова Глафира Святославовна;"Слабый сигнал в дальней комнате; подобрать канал и проверить покрытие. Доступ согласован с клиентом."
MSK-20260917-00135;Дозаказ;Доставка и установка приставки;17.09.2026 09:45;17.09.2026 13:45;17.09.2026 10:45;Тверской;Москва, Новослободская ул., д. 79;АО «Владимиров-Гусева»;Рожков Пантелеймон Ефимьевич;Установить дополнительную ТВ-приставку и показать клиенту основные функции. Ключ от технического помещения у администратора.
MSK-20260917-00408;Локальная заявка;Настройка Wi-Fi;17.09.2026 11:00;17.09.2026 14:00;17.09.2026 12:00;Тверской;Москва, Новослободская ул., д. 120;Соколов и партнеры;Пономарева Людмила Рубеновна;"Слабый сигнал в дальней комнате; подобрать канал и проверить покрытие. Доступ согласован с клиентом."
MSK-20260917-00471;Дозаказ;Доставка и установка приставки;17.09.2026 12:00;17.09.2026 14:00;17.09.2026 13:00;Даниловский;Москва, Дубининская ул., д. 60;Компания Газ-Альянс;Никита Егорович Дементьев;Установить дополнительную ТВ-приставку и показать клиенту основные функции. Доступ согласован с клиентом.
MSK-20260917-00095;Глобальная проблема;Замена коммутатора доступа;17.09.2026 13:00;17.09.2026 14:00;17.09.2026 13:30;Марьина Роща;Москва, Шереметьевская ул., д. 93;Надежда Альбертовна Назарова;Надежда Альбертовна Назарова;"Нет связи у группы абонентов; проверить питание и заменить коммутатор. Позвонить за 30 минут до приезда."
MSK-20260917-00293;Локальная заявка;Настройка Wi-Fi;17.09.2026 14:15;17.09.2026 15:50;17.09.2026 15:15;Хамовники;Москва, Плющиха, д. 18;Алина Богдановна Красильникова;Алина Богдановна Красильникова;"Слабый сигнал в дальней комнате; подобрать канал и проверить покрытие. Ключ от технического помещения у администратора."
MSK-20260917-00313;Локальная заявка;Диагностика интернет-соединения;17.09.2026 12:45;17.09.2026 15:30;17.09.2026 13:45;Даниловский;Москва, Даниловский Вал, д. 118;НПО «Блохина»;Акулина Матвеевна Мартынова;"Периодически пропадает соединение; проверить линию и уровень сигнала. Позвонить за 30 минут до приезда."
MSK-20260917-00330;Подключение;Подключение офиса;17.09.2026 10:00;17.09.2026 12:00;17.09.2026 11:00;Лефортово;Москва, Авиамоторная ул., д. 70;Новиков Лев Федосьевич;Новиков Лев Федосьевич;Подключить офисный канал и проверить доступность сервисов заказчика. Доступ согласован с клиентом.
MSK-20260917-00073;Дозаказ;Доставка и установка приставки;17.09.2026 13:45;17.09.2026 15:45;17.09.2026 14:45;Даниловский;Москва, Люсиновская ул., д. 76;Ершова Ксения Альбертовна;Ершова Ксения Альбертовна;Установить дополнительную ТВ-приставку и показать клиенту основные функции. Ключ от технического помещения у администратора.
MSK-20260917-00084;Подключение;Подключение офиса;17.09.2026 08:45;17.09.2026 10:45;17.09.2026 09:45;Пресненский;Москва, Звенигородская ул., д. 51;НПО «Лапина-Потапов»;Федотова Регина Вячеславовна;Подключить офисный канал и проверить доступность сервисов заказчика. Ключ от технического помещения у администратора.
MSK-20260917-00032;Локальная заявка;Диагностика интернет-соединения;17.09.2026 14:15;17.09.2026 17:00;17.09.2026 15:15;Пресненский;Москва, Звенигородская ул., д. 65;Ларионов Харлампий Анисимович;Ларионов Харлампий Анисимович;"Периодически пропадает соединение; проверить линию и уровень сигнала. Позвонить за 30 минут до приезда."
MSK-20260917-00169;Локальная заявка;Замена абонентского роутера;17.09.2026 14:00;17.09.2026 16:45;17.09.2026 15:00;Тверской;Москва, Лесная ул., д. 57;Алексеева Надежда Григорьевна;Алексеева Надежда Григорьевна;"Роутер перезагружается под нагрузкой; доставить замену и перенести настройки. Доступ согласован с клиентом."
MSK-20260917-00269;Глобальная проблема;Восстановление оптической линии;17.09.2026 10:45;17.09.2026 12:15;17.09.2026 11:15;Тверской;Москва, Новослободская ул., д. 55;Тетерин Анисим Гаврилович;Тетерин Анисим Гаврилович;"Потеря сигнала на оптическом участке; локализовать повреждение и восстановить линию. Ключ от технического помещения у администратора."
MSK-20260917-00168;Подключение;Подключение квартиры FTTB;17.09.2026 14:00;17.09.2026 15:50;17.09.2026 15:00;Лефортово;Москва, Авиамоторная ул., д. 67;Шилова Ирина Аскольдовна;Шилова Ирина Аскольдовна;"Новый абонент; выполнить подключение, настроить оборудование и оформить акт. Ключ от технического помещения у администратора."
MSK-20260917-00289;Дозаказ;Доставка и установка приставки;17.09.2026 15:45;17.09.2026 17:10;17.09.2026 16:45;Тверской;Москва, Лесная ул., д. 9;Филипп Ильич Фадеев;Филипп Ильич Фадеев;Установить дополнительную ТВ-приставку и показать клиенту основные функции. Ключ от технического помещения у администратора.
MSK-20260917-00145;Локальная заявка;Настройка Wi-Fi;17.09.2026 09:30;17.09.2026 11:30;17.09.2026 10:30;Пресненский;Москва, Красная Пресня, д. 97;АО «Ларионов Владимиров»;Терентьева Валентина Ниловна;"Слабый сигнал в дальней комнате; подобрать канал и проверить покрытие. Позвонить за 30 минут до приезда."
MSK-20260917-00015;Локальная заявка;Настройка Wi-Fi;17.09.2026 15:00;17.09.2026 16:50;17.09.2026 16:00;Пресненский;Москва, Красная Пресня, д. 75;Анжела Николаевна Гусева;Анжела Николаевна Гусева;"Слабый сигнал в дальней комнате; подобрать канал и проверить покрытие. Ключ от технического помещения у администратора."
MSK-20260917-00453;Подключение;Подключение квартиры FTTB;17.09.2026 11:45;17.09.2026 15:45;17.09.2026 12:45;Даниловский;Москва, Даниловский Вал, д. 82;ИП «Терентьев»;Сорокина Мария Григорьевна;"Новый абонент; выполнить подключение, настроить оборудование и оформить акт. Ключ от технического помещения у администратора."
MSK-20260917-00352;Локальная заявка;Диагностика интернет-соединения;17.09.2026 12:45;17.09.2026 15:00;17.09.2026 13:45;Басманный;Москва, Спартаковская ул., д. 6;Третьяков Никифор Тихонович;Третьяков Никифор Тихонович;"Периодически пропадает соединение; проверить линию и уровень сигнала. Ключ от технического помещения у администратора."
MSK-20260917-00476;Подключение;Подключение квартиры FTTB;17.09.2026 10:30;17.09.2026 14:30;17.09.2026 11:30;Даниловский;Москва, Даниловский Вал, д. 60;Алевтина Эльдаровна Коновалова;Алевтина Эльдаровна Коновалова;"Новый абонент; выполнить подключение, настроить оборудование и оформить акт. Позвонить за 30 минут до приезда."
MSK-20260917-00121;Подключение;Подключение офиса;17.09.2026 13:30;17.09.2026 15:30;17.09.2026 14:30;Пресненский;Москва, Шмитовский проезд, д. 61;НПО «Меркушев-Белова»;Ильина Галина Аркадьевна;Подключить офисный канал и проверить доступность сервисов заказчика. Доступ согласован с клиентом.
MSK-20260917-00071;Подключение;Подключение офиса;17.09.2026 10:45;17.09.2026 13:45;17.09.2026 11:45;Хамовники;Москва, Плющиха, д. 79;Маркова Зинаида Дмитриевна;Маркова Зинаида Дмитриевна;Подключить офисный канал и проверить доступность сервисов заказчика. Ключ от технического помещения у администратора.
MSK-20260917-00395;Дозаказ;Доставка и установка приставки;17.09.2026 09:45;17.09.2026 11:45;17.09.2026 10:45;Даниловский;Москва, Дубининская ул., д. 19;Марина Богдановна Агафонова;Марина Богдановна Агафонова;Установить дополнительную ТВ-приставку и показать клиенту основные функции. Ключ от технического помещения у администратора.
MSK-20260917-00184;Подключение;Подключение квартиры FTTB;17.09.2026 10:15;17.09.2026 14:15;17.09.2026 11:15;Басманный;Москва, Спартаковская ул., д. 69;Панов Руслан Адрианович;Панов Руслан Адрианович;"Новый абонент; выполнить подключение, настроить оборудование и оформить акт. Ключ от технического помещения у администратора."
MSK-20260917-00296;Локальная заявка;Восстановление IPTV;17.09.2026 13:15;17.09.2026 15:15;17.09.2026 14:15;Басманный;Москва, Бакунинская ул., д. 90;Бажен Федосеевич Иванов;Бажен Федосеевич Иванов;"Изображение зависает; проверить приставку и параметры подключения. Доступ согласован с клиентом."
MSK-20260917-00160;Подключение;Подключение квартиры FTTB;17.09.2026 13:30;17.09.2026 15:30;17.09.2026 14:30;Тверской;Москва, Тверская ул., д. 50;Новиков Алексей Валентинович;Новиков Алексей Валентинович;"Новый абонент; выполнить подключение, настроить оборудование и оформить акт. Ключ от технического помещения у администратора."
MSK-20260917-00076;Локальная заявка;Диагностика интернет-соединения;17.09.2026 10:30;17.09.2026 13:30;17.09.2026 11:30;Басманный;Москва, Бауманская ул., д. 25;ОАО «Королева-Орлов»;Анастасия Николаевна Мясникова;"Периодически пропадает соединение; проверить линию и уровень сигнала. Позвонить за 30 минут до приезда."
MSK-20260917-00264;Локальная заявка;Восстановление IPTV;17.09.2026 15:15;17.09.2026 18:05;17.09.2026 16:15;Тверской;Москва, Новослободская ул., д. 94;Артемьев Тихон Евсеевич;Артемьев Тихон Евсеевич;"Изображение зависает; проверить приставку и параметры подключения. Позвонить за 30 минут до приезда."
MSK-20260917-00050;Локальная заявка;Диагностика интернет-соединения;17.09.2026 11:45;17.09.2026 15:45;17.09.2026 12:45;Басманный;Москва, Спартаковская ул., д. 4;Исаева Фёкла Георгиевна;Исаева Фёкла Георгиевна;"Периодически пропадает соединение; проверить линию и уровень сигнала. Позвонить за 30 минут до приезда."
MSK-20260917-00035;Локальная заявка;Восстановление IPTV;17.09.2026 09:15;17.09.2026 12:15;17.09.2026 10:15;Тверской;Москва, Новослободская ул., д. 52;Никитин Степан Харитонович;Никитин Степан Харитонович;"Изображение зависает; проверить приставку и параметры подключения. Доступ согласован с клиентом."
MSK-20260917-00242;Подключение;Подключение офиса;17.09.2026 08:45;17.09.2026 11:45;17.09.2026 09:45;Даниловский;Москва, Даниловский Вал, д. 56;ЗАО «Моисеев»;Анжела Станиславовна Дорофеева;Подключить офисный канал и проверить доступность сервисов заказчика. Позвонить за 30 минут до приезда.
MSK-20260917-00059;Локальная заявка;Замена абонентского роутера;17.09.2026 11:00;17.09.2026 15:00;17.09.2026 12:00;Тверской;Москва, Тверская ул., д. 22;Радислав Жанович Гуляев;Радислав Жанович Гуляев;"Роутер перезагружается под нагрузкой; доставить замену и перенести настройки. Позвонить за 30 минут до приезда."
MSK-20260917-00112;Локальная заявка;Диагностика интернет-соединения;17.09.2026 11:30;17.09.2026 13:30;17.09.2026 12:30;Лефортово;Москва, Красноказарменная ул., д. 14;Кузьма Тихонович Рыбаков;Кузьма Тихонович Рыбаков;"Периодически пропадает соединение; проверить линию и уровень сигнала. Доступ согласован с клиентом."
MSK-20260917-00304;Локальная заявка;Настройка Wi-Fi;17.09.2026 11:45;17.09.2026 15:45;17.09.2026 12:45;Марьина Роща;Москва, Октябрьская ул., д. 21;Фёкла Дмитриевна Щербакова;Фёкла Дмитриевна Щербакова;"Слабый сигнал в дальней комнате; подобрать канал и проверить покрытие. Доступ согласован с клиентом."
MSK-20260917-00356;Локальная заявка;Восстановление IPTV;17.09.2026 10:45;17.09.2026 13:45;17.09.2026 11:45;Даниловский;Москва, Даниловский Вал, д. 59;Моисеев Афиноген Александрович;Моисеев Афиноген Александрович;"Изображение зависает; проверить приставку и параметры подключения. Позвонить за 30 минут до приезда."
MSK-20260917-00480;Подключение;Подключение офиса;17.09.2026 14:30;17.09.2026 16:00;17.09.2026 15:30;Тверской;Москва, Тверская ул., д. 7;Дочки-Сыночки;Ирина Кирилловна Лукина;Подключить офисный канал и проверить доступность сервисов заказчика. Ключ от технического помещения у администратора.
MSK-20260917-00021;Глобальная проблема;Замена коммутатора доступа;17.09.2026 14:30;17.09.2026 16:00;17.09.2026 15:00;Хамовники;Москва, Комсомольский проспект, д. 14;Григорьев Лтд;Баранов Виталий Аверьянович;"Нет связи у группы абонентов; проверить питание и заменить коммутатор. Ключ от технического помещения у администратора."
MSK-20260917-00447;Локальная заявка;Диагностика интернет-соединения;17.09.2026 08:45;17.09.2026 12:45;17.09.2026 09:45;Хамовники;Москва, Комсомольский проспект, д. 58;Лариса Максимовна Лазарева;Лариса Максимовна Лазарева;"Периодически пропадает соединение; проверить линию и уровень сигнала. Доступ согласован с клиентом."
MSK-20260917-00436;Локальная заявка;Восстановление IPTV;17.09.2026 12:15;17.09.2026 14:15;17.09.2026 13:15;Лефортово;Москва, Авиамоторная ул., д. 49;Носков Фома Измаилович;Носков Фома Измаилович;"Изображение зависает; проверить приставку и параметры подключения. Ключ от технического помещения у администратора."
MSK-20260917-00028;Локальная заявка;Настройка Wi-Fi;17.09.2026 12:45;17.09.2026 15:50;17.09.2026 13:45;Пресненский;Москва, Шмитовский проезд, д. 92;Белова Октябрина Анатольевна;Белова Октябрина Анатольевна;"Слабый сигнал в дальней комнате; подобрать канал и проверить покрытие. Позвонить за 30 минут до приезда."
MSK-20260917-00294;Подключение;Подключение офиса;17.09.2026 15:00;17.09.2026 16:00;17.09.2026 16:00;Хамовники;Москва, Плющиха, д. 39;Компания Трасса;Геннадий Ефимьевич Афанасьев;Подключить офисный канал и проверить доступность сервисов заказчика. Доступ согласован с клиентом.
MSK-20260917-00390;Локальная заявка;Восстановление IPTV;17.09.2026 11:15;17.09.2026 14:15;17.09.2026 12:15;Тверской;Москва, Новослободская ул., д. 120;Соколов и партнеры;Пономарева Людмила Рубеновна;"Изображение зависает; проверить приставку и параметры подключения. Доступ согласован с клиентом."
MSK-20260917-00098;Локальная заявка;Замена абонентского роутера;17.09.2026 11:15;17.09.2026 15:15;17.09.2026 12:15;Сокольники;Москва, Русаковская ул., д. 57;Мамонтова Эмилия Тимуровна;Мамонтова Эмилия Тимуровна;"Роутер перезагружается под нагрузкой; доставить замену и перенести настройки. Доступ согласован с клиентом."
MSK-20260917-00440;Глобальная проблема;Восстановление оптической линии;17.09.2026 13:00;17.09.2026 15:00;17.09.2026 13:30;Сокольники;Москва, Стромынка, д. 68;Светлана Валериевна Ковалева;Светлана Валериевна Ковалева;"Потеря сигнала на оптическом участке; локализовать повреждение и восстановить линию. Доступ согласован с клиентом."
MSK-20260917-00384;Локальная заявка;Восстановление IPTV;17.09.2026 12:00;17.09.2026 14:00;17.09.2026 13:00;Тверской;Москва, Лесная ул., д. 18;Зайцев Аверьян Игнатьевич;Зайцев Аверьян Игнатьевич;"Изображение зависает; проверить приставку и параметры подключения. Доступ согласован с клиентом."
